{
  "ausgaben": {
    "CONTENT": [
      {"PRIMARY_KEYS": {"ausgabe_label": "change_request_label"}, "DATA": {"cdb_module_id": "tickets.plm", "cs": null, "d": "\u00c4nderungsantrag", "f": null, "i": null, "ja": null, "ko": null, "pl": null, "pt": null, "s": null, "tr": null, "uk": "Change Request", "zh": null}},
      {"PRIMARY_KEYS": {"ausgabe_label": "classification_types"}, "DATA": {"cdb_module_id": "tickets.plm", "cs": null, "d": "ClassificationTypes", "f": null, "i": null, "ja": null, "ko": null, "pl": null, "pt": null, "s": null, "tr": null, "uk": "ClassificationTypes", "zh": null}},
      {"PRIMARY_KEYS": {"ausgabe_label": "cr_product_rel"}, "DATA": {"cdb_module_id": "tickets.plm", "cs": null, "d": "", "f": null, "i": null, "ja": null, "ko": null, "pl": null, "pt": null, "s": null, "tr": null, "uk": "cr_product_rel", "zh": null}},
      {"PRIMARY_KEYS": {"ausgabe_label": "cr_responsible_rel"}, "DATA": {"cdb_module_id": "tickets.plm", "cs": null, "d": "", "f": null, "i": null, "ja": null, "ko": null, "pl": null, "pt": null, "s": null, "tr": null, "uk": "cr_responsible_rel", "zh": null}},
      {"PRIMARY_KEYS": {"ausgabe_label": "cr_severity_rel"}, "DATA": {"cdb_module_id": "tickets.plm", "cs": null, "d": "", "f": null, "i": null, "ja": null, "ko": null, "pl": null, "pt": null, "s": null, "tr": null, "uk": "cr_severity_rel", "zh": null}},
      {"PRIMARY_KEYS": {"ausgabe_label": "quick_close"}, "DATA": {"cdb_module_id": "tickets.plm", "cs": null, "d": "schnelles Schlie\u00dfen", "f": null, "i": null, "ja": null, "ko": null, "pl": null, "pt": null, "s": null, "tr": null, "uk": "Quick Close", "zh": null}},
      {"PRIMARY_KEYS": {"ausgabe_label": "set_severity_critical"}, "DATA": {"cdb_module_id": "tickets.plm", "cs": null, "d": "Set Critical Severity", "f": null, "i": null, "ja": null, "ko": null, "pl": null, "pt": null, "s": null, "tr": null, "uk": "Set Critical Severity", "zh": null}}
    ],
    "CONTENT_DOMAIN": "",
    "UPDATE_POLICY": "ALWAYS UPDATED"
  }
}