{
  "browsers": {
    "CONTENT": [
      {"PRIMARY_KEYS": {"katalog": "ClassificationCatalog"}, "DATA": {"browser_tabelle": "ClassificationTable", "callfield_only": 0, "cdb_classname": "cdb_list_browser", "cdb_module_id": "tickets.plm", "check_value": 0, "classname": "classification_types", "direct_create": 0, "fqpyname": "", "max_records": null, "no_search": 0, "offer_operations": 0, "one_entry_direct": 0, "proposal_class": "", "relation": "", "search_mask": "", "title_cs": null, "title_de": "", "title_en": "ClassificationCatalog", "title_es": null, "title_fr": null, "title_it": null, "title_ja": null, "title_ko": null, "title_pl": null, "title_pt": null, "title_tr": null, "title_zh": null}},
      {"PRIMARY_KEYS": {"katalog": "FixedByCatalog"}, "DATA": {"browser_tabelle": "cdb_person_tab", "callfield_only": 0, "cdb_classname": "cdb_list_browser", "cdb_module_id": "tickets.plm", "check_value": 0, "classname": "cdb_person", "direct_create": 0, "fqpyname": "", "max_records": null, "no_search": 0, "offer_operations": 0, "one_entry_direct": 0, "proposal_class": "", "relation": "", "search_mask": "", "title_cs": null, "title_de": "", "title_en": "FixedByCatalog", "title_es": null, "title_fr": null, "title_it": null, "title_ja": null, "title_ko": null, "title_pl": null, "title_pt": null, "title_tr": null, "title_zh": null}},
      {"PRIMARY_KEYS": {"katalog": "MappedCustomerCatalog"}, "DATA": {"browser_tabelle": "cdb_organization", "callfield_only": 0, "cdb_classname": "cdb_list_browser", "cdb_module_id": "tickets.plm", "check_value": 0, "classname": "cdb_organization", "direct_create": 0, "fqpyname": "", "max_records": null, "no_search": 0, "offer_operations": 0, "one_entry_direct": 0, "proposal_class": "", "relation": "", "search_mask": "", "title_cs": null, "title_de": "", "title_en": "MappedCustomerCatalog", "title_es": null, "title_fr": null, "title_it": null, "title_ja": null, "title_ko": null, "title_pl": null, "title_pt": null, "title_tr": null, "title_zh": null}},
      {"PRIMARY_KEYS": {"katalog": "ProductCatalog"}, "DATA": {"browser_tabelle": "cdbvp_product", "callfield_only": 0, "cdb_classname": "cdb_list_browser", "cdb_module_id": "tickets.plm", "check_value": 0, "classname": "cdbvp_product", "direct_create": 0, "fqpyname": "", "max_records": null, "no_search": 0, "offer_operations": 0, "one_entry_direct": 0, "proposal_class": "", "relation": "", "search_mask": "", "title_cs": null, "title_de": "", "title_en": "ProductCatalog", "title_es": null, "title_fr": null, "title_it": null, "title_ja": null, "title_ko": null, "title_pl": null, "title_pt": null, "title_tr": null, "title_zh": null}},
      {"PRIMARY_KEYS": {"katalog": "ReportedByCatalog"}, "DATA": {"browser_tabelle": "cdb_person_tab", "callfield_only": 0, "cdb_classname": "cdb_list_browser", "cdb_module_id": "tickets.plm", "check_value": 0, "classname": "cdb_person", "direct_create": 0, "fqpyname": "", "max_records": null, "no_search": 0, "offer_operations": 0, "one_entry_direct": 0, "proposal_class": "", "relation": "", "search_mask": "", "title_cs": null, "title_de": "", "title_en": "ReportedByCatalog", "title_es": null, "title_fr": null, "title_it": null, "title_ja": null, "title_ko": null, "title_pl": null, "title_pt": null, "title_tr": null, "title_zh": null}},
      {"PRIMARY_KEYS": {"katalog": "ResponsibleCatalog"}, "DATA": {"browser_tabelle": "cdb_person_tab", "callfield_only": 0, "cdb_classname": "cdb_list_browser", "cdb_module_id": "tickets.plm", "check_value": 0, "classname": "cdb_person", "direct_create": 0, "fqpyname": "", "max_records": null, "no_search": 0, "offer_operations": 0, "one_entry_direct": 0, "proposal_class": "", "relation": "", "search_mask": "", "title_cs": null, "title_de": "", "title_en": "ResponsibleCatalog", "title_es": null, "title_fr": null, "title_it": null, "title_ja": null, "title_ko": null, "title_pl": null, "title_pt": null, "title_tr": null, "title_zh": null}},
      {"PRIMARY_KEYS": {"katalog": "SeverityCatalog"}, "DATA": {"browser_tabelle": "Severity", "callfield_only": 0, "cdb_classname": "cdb_list_browser", "cdb_module_id": "tickets.plm", "check_value": 0, "classname": "Severity", "direct_create": 0, "fqpyname": "", "max_records": null, "no_search": 0, "offer_operations": 0, "one_entry_direct": 0, "proposal_class": "", "relation": "", "search_mask": "", "title_cs": null, "title_de": "", "title_en": "SeverityCatalog", "title_es": null, "title_fr": null, "title_it": null, "title_ja": null, "title_ko": null, "title_pl": null, "title_pt": null, "title_tr": null, "title_zh": null}}
    ],
    "CONTENT_DOMAIN": "",
    "UPDATE_POLICY": "ALWAYS UPDATED"
  }
}