{
  "cdb_tree_owner": {
    "CONTENT": [
      {"PRIMARY_KEYS": {"id": "10559229-7317-11ee-8a75-982cbc4c9121", "role_id": "Administrator"}, "DATA": {"cdb_module_id": "tickets.plm"}},
      {"PRIMARY_KEYS": {"id": "3912c7bd-45a9-11ee-8a6c-982cbc4c9121", "role_id": "Administrator"}, "DATA": {"cdb_module_id": "tickets.plm"}},
      {"PRIMARY_KEYS": {"id": "dc80b21c-eac5-11ee-8a8a-982cbc4c9121", "role_id": "Administrator"}, "DATA": {"cdb_module_id": "tickets.plm"}},
      {"PRIMARY_KEYS": {"id": "f0e151fe-4590-11ee-8a6c-982cbc4c9121", "role_id": "Administrator"}, "DATA": {"cdb_module_id": "tickets.plm"}}
    ],
    "CONTENT_DOMAIN": "",
    "UPDATE_POLICY": "ALWAYS UPDATED"
  }
}