{
  "cdb_op_names": {
    "CONTENT": [
      {"PRIMARY_KEYS": {"name": "QuickClose"}, "DATA": {"acl_allow": "", "cdb_module_id": "tickets.plm", "client_desc": "", "descr": null, "html_help": "", "icon_id": "", "inactive": 0, "kind": "PowerScript", "label": "", "label_ok": "", "menu_visible": 1, "menugroup": 10, "ordering": null, "rs_visible": 1}},
      {"PRIMARY_KEYS": {"name": "SetCriticalSeverity"}, "DATA": {"acl_allow": "", "cdb_module_id": "tickets.plm", "client_desc": "", "descr": null, "html_help": "", "icon_id": "", "inactive": 0, "kind": "PowerScript", "label": "", "label_ok": "", "menu_visible": 1, "menugroup": null, "ordering": null, "rs_visible": 1}}
    ],
    "CONTENT_DOMAIN": "",
    "UPDATE_POLICY": "ALWAYS UPDATED"
  }
}