{
  "cdb_menu_tree": {
    "CONTENT": [
      {"PRIMARY_KEYS": {"cdb_object_id": "10559229-7317-11ee-8a75-982cbc4c9121"}, "DATA": {"ausgabe_label": "", "cdb_module_id": "tickets.plm", "classname": "classification_types", "decomp_id": "", "icon_id": "", "ordering": 1000, "parent_id": "931d258b-2528-11df-b716-e1f861774235"}},
      {"PRIMARY_KEYS": {"cdb_object_id": "3912c7bd-45a9-11ee-8a6c-982cbc4c9121"}, "DATA": {"ausgabe_label": "", "cdb_module_id": "tickets.plm", "classname": "change_request", "decomp_id": "", "icon_id": "", "ordering": 1000, "parent_id": "931d258b-2528-11df-b716-e1f861774235"}},
      {"PRIMARY_KEYS": {"cdb_object_id": "dc80b21c-eac5-11ee-8a8a-982cbc4c9121"}, "DATA": {"ausgabe_label": "", "cdb_module_id": "tickets.plm", "classname": "cr_doc_rel", "decomp_id": "", "icon_id": "", "ordering": 1000, "parent_id": "931d258b-2528-11df-b716-e1f861774235"}},
      {"PRIMARY_KEYS": {"cdb_object_id": "e5f6f8d8-7319-11ee-8a75-982cbc4c9121"}, "DATA": {"ausgabe_label": "classification_types", "cdb_module_id": "tickets.plm", "classname": "classification_types", "decomp_id": "", "icon_id": "Structure", "ordering": 1100, "parent_id": "931d258b-2528-11df-b716-e1f861774235"}},
      {"PRIMARY_KEYS": {"cdb_object_id": "f0e151fe-4590-11ee-8a6c-982cbc4c9121"}, "DATA": {"ausgabe_label": "", "cdb_module_id": "tickets.plm", "classname": "Severity", "decomp_id": "", "icon_id": "", "ordering": 1000, "parent_id": "931d258b-2528-11df-b716-e1f861774235"}}
    ],
    "CONTENT_DOMAIN": "",
    "UPDATE_POLICY": "ALWAYS UPDATED"
  }
}