{
  "cdb_browser_cfg": {
    "CONTENT": [
      {"PRIMARY_KEYS": {"attrib": "classification_name", "katalog": "ClassificationCatalog", "maskenfeld_attrib": "*"}, "DATA": {"additive": 0, "alike_value": "", "cdb_module_id": "tickets.plm", "constant_val": 0, "create_source": 0, "input_attrib": "*", "no_overwrite": 0, "sep_at_end": 0, "separator": "", "std_search_val": 1, "struct_level": null, "use_or_operator": 0, "value_list": 0}},
      {"PRIMARY_KEYS": {"attrib": "name", "katalog": "FixedByCatalog", "maskenfeld_attrib": "*"}, "DATA": {"additive": 0, "alike_value": "", "cdb_module_id": "tickets.plm", "constant_val": 0, "create_source": 0, "input_attrib": "*", "no_overwrite": 0, "sep_at_end": 0, "separator": "", "std_search_val": 1, "struct_level": null, "use_or_operator": 0, "value_list": 0}},
      {"PRIMARY_KEYS": {"attrib": "name", "katalog": "MappedCustomerCatalog", "maskenfeld_attrib": "*"}, "DATA": {"additive": 0, "alike_value": "", "cdb_module_id": "tickets.plm", "constant_val": 0, "create_source": 0, "input_attrib": "*", "no_overwrite": 0, "sep_at_end": 0, "separator": "", "std_search_val": 1, "struct_level": null, "use_or_operator": 0, "value_list": 0}},
      {"PRIMARY_KEYS": {"attrib": "code", "katalog": "ProductCatalog", "maskenfeld_attrib": "*"}, "DATA": {"additive": 0, "alike_value": "", "cdb_module_id": "tickets.plm", "constant_val": 0, "create_source": 0, "input_attrib": "*", "no_overwrite": 0, "sep_at_end": 0, "separator": "", "std_search_val": 1, "struct_level": null, "use_or_operator": 0, "value_list": 0}},
      {"PRIMARY_KEYS": {"attrib": "subject_id", "katalog": "ProductCatalog", "maskenfeld_attrib": "responsible"}, "DATA": {"additive": 0, "alike_value": "", "cdb_module_id": "tickets.plm", "constant_val": 0, "create_source": 0, "input_attrib": "", "no_overwrite": 0, "sep_at_end": 0, "separator": "", "std_search_val": 1, "struct_level": null, "use_or_operator": 0, "value_list": 0}},
      {"PRIMARY_KEYS": {"attrib": "name", "katalog": "ReportedByCatalog", "maskenfeld_attrib": "*"}, "DATA": {"additive": 0, "alike_value": "", "cdb_module_id": "tickets.plm", "constant_val": 0, "create_source": 0, "input_attrib": "*", "no_overwrite": 0, "sep_at_end": 0, "separator": "", "std_search_val": 1, "struct_level": null, "use_or_operator": 0, "value_list": 0}},
      {"PRIMARY_KEYS": {"attrib": "name", "katalog": "ResponsibleCatalog", "maskenfeld_attrib": "*"}, "DATA": {"additive": 0, "alike_value": "", "cdb_module_id": "tickets.plm", "constant_val": 0, "create_source": 0, "input_attrib": "*", "no_overwrite": 0, "sep_at_end": 0, "separator": "", "std_search_val": 1, "struct_level": null, "use_or_operator": 0, "value_list": 0}},
      {"PRIMARY_KEYS": {"attrib": "ranking", "katalog": "SeverityCatalog", "maskenfeld_attrib": "severity_ranking"}, "DATA": {"additive": 0, "alike_value": "", "cdb_module_id": "tickets.plm", "constant_val": 0, "create_source": 0, "input_attrib": "*", "no_overwrite": 0, "sep_at_end": 0, "separator": "", "std_search_val": 1, "struct_level": null, "use_or_operator": 0, "value_list": 0}},
      {"PRIMARY_KEYS": {"attrib": "severity_name", "katalog": "SeverityCatalog", "maskenfeld_attrib": "severity"}, "DATA": {"additive": 0, "alike_value": "", "cdb_module_id": "tickets.plm", "constant_val": 0, "create_source": 0, "input_attrib": "*", "no_overwrite": 0, "sep_at_end": 0, "separator": "", "std_search_val": 1, "struct_level": null, "use_or_operator": 0, "value_list": 0}}
    ],
    "CONTENT_DOMAIN": "",
    "UPDATE_POLICY": "ALWAYS UPDATED"
  }
}