{
  "cdb_operations": {
    "CONTENT": [
      {"PRIMARY_KEYS": {"classname": "Severity", "name": "CDB_Copy"}, "DATA": {"applicability": "SingleObject", "cdb_module_id": "tickets.plm", "comp_name": "", "descr": "", "essential_op": 0, "frontend_script": null, "help_url": "", "label": "pccl_ctxt_copy", "mask_name": "Severity", "mask_name_webui": null, "menu_visible": 1, "menugroup": 30, "offer_in_web_ui": 1, "ordering": 60, "render_comp_id": null, "url": null}},
      {"PRIMARY_KEYS": {"classname": "bug", "name": "CDB_Copy"}, "DATA": {"applicability": "SingleObject", "cdb_module_id": "tickets.plm", "comp_name": "", "descr": "", "essential_op": 0, "frontend_script": null, "help_url": "", "label": "pccl_ctxt_copy", "mask_name": "change_request_bug", "mask_name_webui": null, "menu_visible": 1, "menugroup": 30, "offer_in_web_ui": 1, "ordering": 60, "render_comp_id": null, "url": null}},
      {"PRIMARY_KEYS": {"classname": "change_request", "name": "CDB_Copy"}, "DATA": {"applicability": "SingleObject", "cdb_module_id": "tickets.plm", "comp_name": "", "descr": "", "essential_op": 0, "frontend_script": null, "help_url": "", "label": "pccl_ctxt_copy", "mask_name": "change_request", "mask_name_webui": null, "menu_visible": 1, "menugroup": 30, "offer_in_web_ui": 1, "ordering": 60, "render_comp_id": null, "url": null}},
      {"PRIMARY_KEYS": {"classname": "classification_types", "name": "CDB_Copy"}, "DATA": {"applicability": "SingleObject", "cdb_module_id": "tickets.plm", "comp_name": "", "descr": "", "essential_op": 0, "frontend_script": null, "help_url": "", "label": "pccl_ctxt_copy", "mask_name": "classification_types", "mask_name_webui": null, "menu_visible": 1, "menugroup": 30, "offer_in_web_ui": 1, "ordering": 60, "render_comp_id": null, "url": null}},
      {"PRIMARY_KEYS": {"classname": "cr_doc_rel", "name": "CDB_Copy"}, "DATA": {"applicability": "SingleObject", "cdb_module_id": "tickets.plm", "comp_name": "", "descr": "", "essential_op": 0, "frontend_script": null, "help_url": "", "label": "pccl_ctxt_copy", "mask_name": "cr_doc_rel", "mask_name_webui": null, "menu_visible": 1, "menugroup": 30, "offer_in_web_ui": 1, "ordering": 60, "render_comp_id": null, "url": null}},
      {"PRIMARY_KEYS": {"classname": "feature", "name": "CDB_Copy"}, "DATA": {"applicability": "SingleObject", "cdb_module_id": "tickets.plm", "comp_name": "", "descr": "", "essential_op": 0, "frontend_script": null, "help_url": "", "label": "pccl_ctxt_copy", "mask_name": "change_request_feature", "mask_name_webui": null, "menu_visible": 1, "menugroup": 30, "offer_in_web_ui": 1, "ordering": 60, "render_comp_id": null, "url": null}},
      {"PRIMARY_KEYS": {"classname": "technical_debt", "name": "CDB_Copy"}, "DATA": {"applicability": "SingleObject", "cdb_module_id": "tickets.plm", "comp_name": "", "descr": "", "essential_op": 0, "frontend_script": null, "help_url": "", "label": "pccl_ctxt_copy", "mask_name": "technical_debt", "mask_name_webui": null, "menu_visible": 1, "menugroup": 30, "offer_in_web_ui": 1, "ordering": 60, "render_comp_id": null, "url": null}},
      {"PRIMARY_KEYS": {"classname": "Severity", "name": "CDB_Create"}, "DATA": {"applicability": "Class", "cdb_module_id": "tickets.plm", "comp_name": "", "descr": "", "essential_op": 0, "frontend_script": null, "help_url": "", "label": "pccl_new", "mask_name": "Severity", "mask_name_webui": null, "menu_visible": 1, "menugroup": 10, "offer_in_web_ui": 1, "ordering": 10, "render_comp_id": null, "url": null}},
      {"PRIMARY_KEYS": {"classname": "bug", "name": "CDB_Create"}, "DATA": {"applicability": "Class", "cdb_module_id": "tickets.plm", "comp_name": "", "descr": "", "essential_op": 0, "frontend_script": null, "help_url": "", "label": "pccl_new", "mask_name": "change_request_bug", "mask_name_webui": null, "menu_visible": 1, "menugroup": 10, "offer_in_web_ui": 1, "ordering": 10, "render_comp_id": null, "url": null}},
      {"PRIMARY_KEYS": {"classname": "change_request", "name": "CDB_Create"}, "DATA": {"applicability": "Class", "cdb_module_id": "tickets.plm", "comp_name": "", "descr": "", "essential_op": 0, "frontend_script": null, "help_url": "", "label": "pccl_new", "mask_name": "change_request", "mask_name_webui": "change_request", "menu_visible": 1, "menugroup": 10, "offer_in_web_ui": 1, "ordering": 10, "render_comp_id": null, "url": null}},
      {"PRIMARY_KEYS": {"classname": "classification_types", "name": "CDB_Create"}, "DATA": {"applicability": "Class", "cdb_module_id": "tickets.plm", "comp_name": "", "descr": "", "essential_op": 0, "frontend_script": null, "help_url": "", "label": "pccl_new", "mask_name": "classification_types", "mask_name_webui": null, "menu_visible": 1, "menugroup": 10, "offer_in_web_ui": 1, "ordering": 10, "render_comp_id": null, "url": null}},
      {"PRIMARY_KEYS": {"classname": "cr_doc_rel", "name": "CDB_Create"}, "DATA": {"applicability": "Class", "cdb_module_id": "tickets.plm", "comp_name": "", "descr": "", "essential_op": 0, "frontend_script": null, "help_url": "", "label": "pccl_new", "mask_name": "cr_doc_rel", "mask_name_webui": null, "menu_visible": 1, "menugroup": 10, "offer_in_web_ui": 1, "ordering": 10, "render_comp_id": null, "url": null}},
      {"PRIMARY_KEYS": {"classname": "feature", "name": "CDB_Create"}, "DATA": {"applicability": "Class", "cdb_module_id": "tickets.plm", "comp_name": "", "descr": "", "essential_op": 0, "frontend_script": null, "help_url": "", "label": "pccl_new", "mask_name": "change_request_feature", "mask_name_webui": null, "menu_visible": 1, "menugroup": 10, "offer_in_web_ui": 1, "ordering": 10, "render_comp_id": null, "url": null}},
      {"PRIMARY_KEYS": {"classname": "technical_debt", "name": "CDB_Create"}, "DATA": {"applicability": "Class", "cdb_module_id": "tickets.plm", "comp_name": "", "descr": "", "essential_op": 0, "frontend_script": null, "help_url": "", "label": "pccl_new", "mask_name": "technical_debt", "mask_name_webui": null, "menu_visible": 1, "menugroup": 10, "offer_in_web_ui": 1, "ordering": 10, "render_comp_id": null, "url": null}},
      {"PRIMARY_KEYS": {"classname": "Severity", "name": "CDB_CreateWithSearchConditions"}, "DATA": {"applicability": "Query", "cdb_module_id": "tickets.plm", "comp_name": "", "descr": "", "essential_op": 0, "frontend_script": null, "help_url": "", "label": "op_create_s_cond", "mask_name": "", "mask_name_webui": null, "menu_visible": 1, "menugroup": 10, "offer_in_web_ui": 1, "ordering": 18, "render_comp_id": null, "url": null}},
      {"PRIMARY_KEYS": {"classname": "bug", "name": "CDB_CreateWithSearchConditions"}, "DATA": {"applicability": "Query", "cdb_module_id": "tickets.plm", "comp_name": "", "descr": "", "essential_op": 0, "frontend_script": null, "help_url": "", "label": "op_create_s_cond", "mask_name": "", "mask_name_webui": null, "menu_visible": 1, "menugroup": 10, "offer_in_web_ui": 1, "ordering": 18, "render_comp_id": null, "url": null}},
      {"PRIMARY_KEYS": {"classname": "change_request", "name": "CDB_CreateWithSearchConditions"}, "DATA": {"applicability": "Query", "cdb_module_id": "tickets.plm", "comp_name": "", "descr": "", "essential_op": 0, "frontend_script": null, "help_url": "", "label": "op_create_s_cond", "mask_name": "", "mask_name_webui": null, "menu_visible": 1, "menugroup": 10, "offer_in_web_ui": 1, "ordering": 18, "render_comp_id": null, "url": null}},
      {"PRIMARY_KEYS": {"classname": "classification_types", "name": "CDB_CreateWithSearchConditions"}, "DATA": {"applicability": "Query", "cdb_module_id": "tickets.plm", "comp_name": "", "descr": "", "essential_op": 0, "frontend_script": null, "help_url": "", "label": "op_create_s_cond", "mask_name": "", "mask_name_webui": null, "menu_visible": 1, "menugroup": 10, "offer_in_web_ui": 1, "ordering": 18, "render_comp_id": null, "url": null}},
      {"PRIMARY_KEYS": {"classname": "cr_doc_rel", "name": "CDB_CreateWithSearchConditions"}, "DATA": {"applicability": "Query", "cdb_module_id": "tickets.plm", "comp_name": "", "descr": "", "essential_op": 0, "frontend_script": null, "help_url": "", "label": "op_create_s_cond", "mask_name": "", "mask_name_webui": null, "menu_visible": 1, "menugroup": 10, "offer_in_web_ui": 1, "ordering": 18, "render_comp_id": null, "url": null}},
      {"PRIMARY_KEYS": {"classname": "feature", "name": "CDB_CreateWithSearchConditions"}, "DATA": {"applicability": "Query", "cdb_module_id": "tickets.plm", "comp_name": "", "descr": "", "essential_op": 0, "frontend_script": null, "help_url": "", "label": "op_create_s_cond", "mask_name": "", "mask_name_webui": null, "menu_visible": 1, "menugroup": 10, "offer_in_web_ui": 1, "ordering": 18, "render_comp_id": null, "url": null}},
      {"PRIMARY_KEYS": {"classname": "technical_debt", "name": "CDB_CreateWithSearchConditions"}, "DATA": {"applicability": "Query", "cdb_module_id": "tickets.plm", "comp_name": "", "descr": "", "essential_op": 0, "frontend_script": null, "help_url": "", "label": "op_create_s_cond", "mask_name": "", "mask_name_webui": null, "menu_visible": 1, "menugroup": 10, "offer_in_web_ui": 1, "ordering": 18, "render_comp_id": null, "url": null}},
      {"PRIMARY_KEYS": {"classname": "Severity", "name": "CDB_Delete"}, "DATA": {"applicability": "MultipleObjects", "cdb_module_id": "tickets.plm", "comp_name": "", "descr": "", "essential_op": 0, "frontend_script": null, "help_url": "", "label": "pccl_ctxt_delete", "mask_name": "", "mask_name_webui": null, "menu_visible": 1, "menugroup": 30, "offer_in_web_ui": 1, "ordering": 200, "render_comp_id": null, "url": null}},
      {"PRIMARY_KEYS": {"classname": "change_request", "name": "CDB_Delete"}, "DATA": {"applicability": "MultipleObjects", "cdb_module_id": "tickets.plm", "comp_name": "", "descr": "", "essential_op": 0, "frontend_script": null, "help_url": "", "label": "pccl_ctxt_delete", "mask_name": "", "mask_name_webui": null, "menu_visible": 1, "menugroup": 30, "offer_in_web_ui": 1, "ordering": 200, "render_comp_id": null, "url": null}},
      {"PRIMARY_KEYS": {"classname": "classification_types", "name": "CDB_Delete"}, "DATA": {"applicability": "MultipleObjects", "cdb_module_id": "tickets.plm", "comp_name": "", "descr": "", "essential_op": 0, "frontend_script": null, "help_url": "", "label": "pccl_ctxt_delete", "mask_name": "", "mask_name_webui": null, "menu_visible": 1, "menugroup": 30, "offer_in_web_ui": 1, "ordering": 200, "render_comp_id": null, "url": null}},
      {"PRIMARY_KEYS": {"classname": "cr_doc_rel", "name": "CDB_Delete"}, "DATA": {"applicability": "MultipleObjects", "cdb_module_id": "tickets.plm", "comp_name": "", "descr": "", "essential_op": 0, "frontend_script": null, "help_url": "", "label": "pccl_ctxt_delete", "mask_name": "", "mask_name_webui": null, "menu_visible": 1, "menugroup": 30, "offer_in_web_ui": 1, "ordering": 200, "render_comp_id": "delete", "url": null}},
      {"PRIMARY_KEYS": {"classname": "Severity", "name": "CDB_Export"}, "DATA": {"applicability": "MultipleObjects", "cdb_module_id": "tickets.plm", "comp_name": "", "descr": "", "essential_op": 0, "frontend_script": null, "help_url": "", "label": "ce_menulabel_export", "mask_name": "cdb_export_mask", "mask_name_webui": null, "menu_visible": 1, "menugroup": 200300, "offer_in_web_ui": 0, "ordering": 116, "render_comp_id": null, "url": null}},
      {"PRIMARY_KEYS": {"classname": "change_request", "name": "CDB_Export"}, "DATA": {"applicability": "MultipleObjects", "cdb_module_id": "tickets.plm", "comp_name": "", "descr": "", "essential_op": 0, "frontend_script": null, "help_url": "", "label": "ce_menulabel_export", "mask_name": "cdb_export_mask", "mask_name_webui": null, "menu_visible": 1, "menugroup": 200300, "offer_in_web_ui": 0, "ordering": 116, "render_comp_id": null, "url": null}},
      {"PRIMARY_KEYS": {"classname": "classification_types", "name": "CDB_Export"}, "DATA": {"applicability": "MultipleObjects", "cdb_module_id": "tickets.plm", "comp_name": "", "descr": "", "essential_op": 0, "frontend_script": null, "help_url": "", "label": "ce_menulabel_export", "mask_name": "cdb_export_mask", "mask_name_webui": null, "menu_visible": 1, "menugroup": 200300, "offer_in_web_ui": 0, "ordering": 116, "render_comp_id": null, "url": null}},
      {"PRIMARY_KEYS": {"classname": "cr_doc_rel", "name": "CDB_Export"}, "DATA": {"applicability": "MultipleObjects", "cdb_module_id": "tickets.plm", "comp_name": "", "descr": "", "essential_op": 0, "frontend_script": null, "help_url": "", "label": "ce_menulabel_export", "mask_name": "cdb_export_mask", "mask_name_webui": null, "menu_visible": 1, "menugroup": 200300, "offer_in_web_ui": 0, "ordering": 116, "render_comp_id": null, "url": null}},
      {"PRIMARY_KEYS": {"classname": "Severity", "name": "CDB_Modify"}, "DATA": {"applicability": "SingleObject", "cdb_module_id": "tickets.plm", "comp_name": "", "descr": "", "essential_op": 0, "frontend_script": null, "help_url": "", "label": "pccl_ctxt_modify", "mask_name": "Severity", "mask_name_webui": null, "menu_visible": 1, "menugroup": 30, "offer_in_web_ui": 1, "ordering": 50, "render_comp_id": null, "url": null}},
      {"PRIMARY_KEYS": {"classname": "bug", "name": "CDB_Modify"}, "DATA": {"applicability": "SingleObject", "cdb_module_id": "tickets.plm", "comp_name": "", "descr": "", "essential_op": 0, "frontend_script": null, "help_url": "", "label": "pccl_ctxt_modify", "mask_name": "change_request_bug", "mask_name_webui": null, "menu_visible": 1, "menugroup": 30, "offer_in_web_ui": 1, "ordering": 50, "render_comp_id": null, "url": null}},
      {"PRIMARY_KEYS": {"classname": "change_request", "name": "CDB_Modify"}, "DATA": {"applicability": "SingleObject", "cdb_module_id": "tickets.plm", "comp_name": "", "descr": "", "essential_op": 0, "frontend_script": null, "help_url": "", "label": "pccl_ctxt_modify", "mask_name": "change_request", "mask_name_webui": "change_request", "menu_visible": 1, "menugroup": 30, "offer_in_web_ui": 1, "ordering": 50, "render_comp_id": null, "url": null}},
      {"PRIMARY_KEYS": {"classname": "classification_types", "name": "CDB_Modify"}, "DATA": {"applicability": "SingleObject", "cdb_module_id": "tickets.plm", "comp_name": "", "descr": "", "essential_op": 0, "frontend_script": null, "help_url": "", "label": "pccl_ctxt_modify", "mask_name": "classification_types", "mask_name_webui": null, "menu_visible": 1, "menugroup": 30, "offer_in_web_ui": 1, "ordering": 50, "render_comp_id": null, "url": null}},
      {"PRIMARY_KEYS": {"classname": "cr_doc_rel", "name": "CDB_Modify"}, "DATA": {"applicability": "SingleObject", "cdb_module_id": "tickets.plm", "comp_name": "", "descr": "", "essential_op": 0, "frontend_script": null, "help_url": "", "label": "pccl_ctxt_modify", "mask_name": "cr_doc_rel", "mask_name_webui": null, "menu_visible": 1, "menugroup": 30, "offer_in_web_ui": 1, "ordering": 50, "render_comp_id": null, "url": null}},
      {"PRIMARY_KEYS": {"classname": "feature", "name": "CDB_Modify"}, "DATA": {"applicability": "SingleObject", "cdb_module_id": "tickets.plm", "comp_name": "", "descr": "", "essential_op": 0, "frontend_script": null, "help_url": "", "label": "pccl_ctxt_modify", "mask_name": "change_request_feature", "mask_name_webui": null, "menu_visible": 1, "menugroup": 30, "offer_in_web_ui": 1, "ordering": 50, "render_comp_id": null, "url": null}},
      {"PRIMARY_KEYS": {"classname": "technical_debt", "name": "CDB_Modify"}, "DATA": {"applicability": "SingleObject", "cdb_module_id": "tickets.plm", "comp_name": "", "descr": "", "essential_op": 0, "frontend_script": null, "help_url": "", "label": "pccl_ctxt_modify", "mask_name": "technical_debt", "mask_name_webui": null, "menu_visible": 1, "menugroup": 30, "offer_in_web_ui": 1, "ordering": 50, "render_comp_id": null, "url": null}},
      {"PRIMARY_KEYS": {"classname": "Severity", "name": "CDB_Search"}, "DATA": {"applicability": "Class", "cdb_module_id": "tickets.plm", "comp_name": "", "descr": "", "essential_op": 0, "frontend_script": null, "help_url": "", "label": "pccl_search", "mask_name": "Severity", "mask_name_webui": null, "menu_visible": 1, "menugroup": 10, "offer_in_web_ui": 1, "ordering": 20, "render_comp_id": null, "url": null}},
      {"PRIMARY_KEYS": {"classname": "bug", "name": "CDB_Search"}, "DATA": {"applicability": "Class", "cdb_module_id": "tickets.plm", "comp_name": "", "descr": "", "essential_op": 0, "frontend_script": null, "help_url": "", "label": "pccl_search", "mask_name": "change_request_bug", "mask_name_webui": null, "menu_visible": 1, "menugroup": 10, "offer_in_web_ui": 1, "ordering": 20, "render_comp_id": null, "url": null}},
      {"PRIMARY_KEYS": {"classname": "change_request", "name": "CDB_Search"}, "DATA": {"applicability": "Class", "cdb_module_id": "tickets.plm", "comp_name": "", "descr": "", "essential_op": 0, "frontend_script": null, "help_url": "", "label": "pccl_search", "mask_name": "change_request", "mask_name_webui": "change_request", "menu_visible": 1, "menugroup": 10, "offer_in_web_ui": 1, "ordering": 20, "render_comp_id": null, "url": null}},
      {"PRIMARY_KEYS": {"classname": "classification_types", "name": "CDB_Search"}, "DATA": {"applicability": "Class", "cdb_module_id": "tickets.plm", "comp_name": "", "descr": "", "essential_op": 0, "frontend_script": null, "help_url": "", "label": "pccl_search", "mask_name": "classification_types", "mask_name_webui": null, "menu_visible": 1, "menugroup": 10, "offer_in_web_ui": 1, "ordering": 20, "render_comp_id": null, "url": null}},
      {"PRIMARY_KEYS": {"classname": "cr_doc_rel", "name": "CDB_Search"}, "DATA": {"applicability": "Class", "cdb_module_id": "tickets.plm", "comp_name": "", "descr": "", "essential_op": 0, "frontend_script": null, "help_url": "", "label": "pccl_search", "mask_name": "cr_doc_rel", "mask_name_webui": null, "menu_visible": 1, "menugroup": 10, "offer_in_web_ui": 1, "ordering": 20, "render_comp_id": null, "url": null}},
      {"PRIMARY_KEYS": {"classname": "feature", "name": "CDB_Search"}, "DATA": {"applicability": "Class", "cdb_module_id": "tickets.plm", "comp_name": "", "descr": "", "essential_op": 0, "frontend_script": null, "help_url": "", "label": "pccl_search", "mask_name": "change_request_feature", "mask_name_webui": null, "menu_visible": 1, "menugroup": 10, "offer_in_web_ui": 1, "ordering": 20, "render_comp_id": null, "url": null}},
      {"PRIMARY_KEYS": {"classname": "technical_debt", "name": "CDB_Search"}, "DATA": {"applicability": "Class", "cdb_module_id": "tickets.plm", "comp_name": "", "descr": "", "essential_op": 0, "frontend_script": null, "help_url": "", "label": "pccl_search", "mask_name": "technical_debt", "mask_name_webui": null, "menu_visible": 1, "menugroup": 10, "offer_in_web_ui": 1, "ordering": 20, "render_comp_id": null, "url": null}},
      {"PRIMARY_KEYS": {"classname": "Severity", "name": "CDB_SearchAgain"}, "DATA": {"applicability": "Query", "cdb_module_id": "tickets.plm", "comp_name": "", "descr": "", "essential_op": 0, "frontend_script": null, "help_url": "", "label": "pccl_search_again", "mask_name": "Severity", "mask_name_webui": null, "menu_visible": 1, "menugroup": 10, "offer_in_web_ui": 1, "ordering": 40, "render_comp_id": null, "url": null}},
      {"PRIMARY_KEYS": {"classname": "bug", "name": "CDB_SearchAgain"}, "DATA": {"applicability": "Query", "cdb_module_id": "tickets.plm", "comp_name": "", "descr": "", "essential_op": 0, "frontend_script": null, "help_url": "", "label": "pccl_search_again", "mask_name": "change_request_bug", "mask_name_webui": null, "menu_visible": 1, "menugroup": 10, "offer_in_web_ui": 1, "ordering": 40, "render_comp_id": null, "url": null}},
      {"PRIMARY_KEYS": {"classname": "change_request", "name": "CDB_SearchAgain"}, "DATA": {"applicability": "Query", "cdb_module_id": "tickets.plm", "comp_name": "", "descr": "", "essential_op": 0, "frontend_script": null, "help_url": "", "label": "pccl_search_again", "mask_name": "change_request", "mask_name_webui": "change_request", "menu_visible": 1, "menugroup": 10, "offer_in_web_ui": 1, "ordering": 40, "render_comp_id": null, "url": null}},
      {"PRIMARY_KEYS": {"classname": "classification_types", "name": "CDB_SearchAgain"}, "DATA": {"applicability": "Query", "cdb_module_id": "tickets.plm", "comp_name": "", "descr": "", "essential_op": 0, "frontend_script": null, "help_url": "", "label": "pccl_search_again", "mask_name": "classification_types", "mask_name_webui": null, "menu_visible": 1, "menugroup": 10, "offer_in_web_ui": 1, "ordering": 40, "render_comp_id": null, "url": null}},
      {"PRIMARY_KEYS": {"classname": "cr_doc_rel", "name": "CDB_SearchAgain"}, "DATA": {"applicability": "Query", "cdb_module_id": "tickets.plm", "comp_name": "", "descr": "", "essential_op": 0, "frontend_script": null, "help_url": "", "label": "pccl_search_again", "mask_name": "cr_doc_rel", "mask_name_webui": null, "menu_visible": 1, "menugroup": 10, "offer_in_web_ui": 1, "ordering": 40, "render_comp_id": null, "url": null}},
      {"PRIMARY_KEYS": {"classname": "feature", "name": "CDB_SearchAgain"}, "DATA": {"applicability": "Query", "cdb_module_id": "tickets.plm", "comp_name": "", "descr": "", "essential_op": 0, "frontend_script": null, "help_url": "", "label": "pccl_search_again", "mask_name": "change_request_feature", "mask_name_webui": null, "menu_visible": 1, "menugroup": 10, "offer_in_web_ui": 1, "ordering": 40, "render_comp_id": null, "url": null}},
      {"PRIMARY_KEYS": {"classname": "technical_debt", "name": "CDB_SearchAgain"}, "DATA": {"applicability": "Query", "cdb_module_id": "tickets.plm", "comp_name": "", "descr": "", "essential_op": 0, "frontend_script": null, "help_url": "", "label": "pccl_search_again", "mask_name": "technical_debt", "mask_name_webui": null, "menu_visible": 1, "menugroup": 10, "offer_in_web_ui": 1, "ordering": 40, "render_comp_id": null, "url": null}},
      {"PRIMARY_KEYS": {"classname": "Severity", "name": "CDB_SelectAndAssign"}, "DATA": {"applicability": "Query", "cdb_module_id": "tickets.plm", "comp_name": "", "descr": "", "essential_op": 0, "frontend_script": null, "help_url": "", "label": "op_selectassign", "mask_name": "", "mask_name_webui": null, "menu_visible": 1, "menugroup": 10, "offer_in_web_ui": 1, "ordering": 19, "render_comp_id": null, "url": null}},
      {"PRIMARY_KEYS": {"classname": "change_request", "name": "CDB_SelectAndAssign"}, "DATA": {"applicability": "Query", "cdb_module_id": "tickets.plm", "comp_name": "", "descr": "", "essential_op": 0, "frontend_script": null, "help_url": "", "label": "op_selectassign", "mask_name": "", "mask_name_webui": null, "menu_visible": 1, "menugroup": 10, "offer_in_web_ui": 1, "ordering": 19, "render_comp_id": null, "url": null}},
      {"PRIMARY_KEYS": {"classname": "classification_types", "name": "CDB_SelectAndAssign"}, "DATA": {"applicability": "Query", "cdb_module_id": "tickets.plm", "comp_name": "", "descr": "", "essential_op": 0, "frontend_script": null, "help_url": "", "label": "op_selectassign", "mask_name": "", "mask_name_webui": null, "menu_visible": 1, "menugroup": 10, "offer_in_web_ui": 1, "ordering": 19, "render_comp_id": null, "url": null}},
      {"PRIMARY_KEYS": {"classname": "cr_doc_rel", "name": "CDB_SelectAndAssign"}, "DATA": {"applicability": "Query", "cdb_module_id": "tickets.plm", "comp_name": "", "descr": "", "essential_op": 0, "frontend_script": null, "help_url": "", "label": "op_selectassign", "mask_name": "", "mask_name_webui": null, "menu_visible": 1, "menugroup": 10, "offer_in_web_ui": 1, "ordering": 19, "render_comp_id": "catalog", "url": null}},
      {"PRIMARY_KEYS": {"classname": "change_request", "name": "CDB_SelectType"}, "DATA": {"applicability": "Class", "cdb_module_id": "tickets.plm", "comp_name": "", "descr": "", "essential_op": 0, "frontend_script": null, "help_url": "", "label": "op_selecttype", "mask_name": "", "mask_name_webui": null, "menu_visible": 0, "menugroup": 0, "offer_in_web_ui": 0, "ordering": 0, "render_comp_id": null, "url": null}},
      {"PRIMARY_KEYS": {"classname": "Severity", "name": "CDB_ShowObject"}, "DATA": {"applicability": "SingleObject", "cdb_module_id": "tickets.plm", "comp_name": "", "descr": "", "essential_op": 0, "frontend_script": null, "help_url": "", "label": "button_info", "mask_name": "Severity", "mask_name_webui": null, "menu_visible": 2, "menugroup": 30, "offer_in_web_ui": 1, "ordering": 45, "render_comp_id": null, "url": null}},
      {"PRIMARY_KEYS": {"classname": "bug", "name": "CDB_ShowObject"}, "DATA": {"applicability": "SingleObject", "cdb_module_id": "tickets.plm", "comp_name": "", "descr": "", "essential_op": 0, "frontend_script": null, "help_url": "", "label": "button_info", "mask_name": "change_request_bug", "mask_name_webui": null, "menu_visible": 2, "menugroup": 30, "offer_in_web_ui": 1, "ordering": 45, "render_comp_id": null, "url": null}},
      {"PRIMARY_KEYS": {"classname": "change_request", "name": "CDB_ShowObject"}, "DATA": {"applicability": "SingleObject", "cdb_module_id": "tickets.plm", "comp_name": "", "descr": "", "essential_op": 0, "frontend_script": null, "help_url": "", "label": "button_info", "mask_name": "change_request", "mask_name_webui": "change_request", "menu_visible": 2, "menugroup": 30, "offer_in_web_ui": 1, "ordering": 45, "render_comp_id": null, "url": null}},
      {"PRIMARY_KEYS": {"classname": "classification_types", "name": "CDB_ShowObject"}, "DATA": {"applicability": "SingleObject", "cdb_module_id": "tickets.plm", "comp_name": "", "descr": "", "essential_op": 0, "frontend_script": null, "help_url": "", "label": "button_info", "mask_name": "classification_types", "mask_name_webui": null, "menu_visible": 2, "menugroup": 30, "offer_in_web_ui": 1, "ordering": 45, "render_comp_id": null, "url": null}},
      {"PRIMARY_KEYS": {"classname": "cr_doc_rel", "name": "CDB_ShowObject"}, "DATA": {"applicability": "SingleObject", "cdb_module_id": "tickets.plm", "comp_name": "", "descr": "", "essential_op": 0, "frontend_script": null, "help_url": "", "label": "button_info", "mask_name": "cr_doc_rel", "mask_name_webui": null, "menu_visible": 2, "menugroup": 30, "offer_in_web_ui": 1, "ordering": 45, "render_comp_id": null, "url": null}},
      {"PRIMARY_KEYS": {"classname": "feature", "name": "CDB_ShowObject"}, "DATA": {"applicability": "SingleObject", "cdb_module_id": "tickets.plm", "comp_name": "", "descr": "", "essential_op": 0, "frontend_script": null, "help_url": "", "label": "button_info", "mask_name": "change_request_feature", "mask_name_webui": null, "menu_visible": 2, "menugroup": 30, "offer_in_web_ui": 1, "ordering": 45, "render_comp_id": null, "url": null}},
      {"PRIMARY_KEYS": {"classname": "technical_debt", "name": "CDB_ShowObject"}, "DATA": {"applicability": "SingleObject", "cdb_module_id": "tickets.plm", "comp_name": "", "descr": "", "essential_op": 0, "frontend_script": null, "help_url": "", "label": "button_info", "mask_name": "technical_debt", "mask_name_webui": null, "menu_visible": 2, "menugroup": 30, "offer_in_web_ui": 1, "ordering": 45, "render_comp_id": null, "url": null}},
      {"PRIMARY_KEYS": {"classname": "change_request", "name": "CDB_Workflow"}, "DATA": {"applicability": "SingleObject", "cdb_module_id": "tickets.plm", "comp_name": "", "descr": "", "essential_op": 0, "frontend_script": null, "help_url": "", "label": "statusaen", "mask_name": "change_request__state", "mask_name_webui": null, "menu_visible": 1, "menugroup": 30, "offer_in_web_ui": 1, "ordering": 110, "render_comp_id": null, "url": null}},
      {"PRIMARY_KEYS": {"classname": "change_request", "name": "QuickClose"}, "DATA": {"applicability": "MultipleObjects", "cdb_module_id": "tickets.plm", "comp_name": "", "descr": "", "essential_op": 0, "frontend_script": "", "help_url": "", "label": "quick_close", "mask_name": "", "mask_name_webui": "", "menu_visible": 1, "menugroup": 10, "offer_in_web_ui": 1, "ordering": null, "render_comp_id": "", "url": ""}},
      {"PRIMARY_KEYS": {"classname": "change_request", "name": "SetCriticalSeverity"}, "DATA": {"applicability": "SingleObject", "cdb_module_id": "tickets.plm", "comp_name": "", "descr": "", "essential_op": 0, "frontend_script": "", "help_url": "", "label": "set_severity_critical", "mask_name": "", "mask_name_webui": "", "menu_visible": 1, "menugroup": 10, "offer_in_web_ui": 1, "ordering": null, "render_comp_id": "", "url": ""}}
    ],
    "CONTENT_DOMAIN": "",
    "UPDATE_POLICY": "ALWAYS UPDATED"
  }
}