{
  "cdb_op_owner": {
    "CONTENT": [
      {"PRIMARY_KEYS": {"classname": "Severity", "name": "CDB_Copy", "role_id": "public"}, "DATA": {"cdb_module_id": "tickets.plm"}},
      {"PRIMARY_KEYS": {"classname": "bug", "name": "CDB_Copy", "role_id": "public"}, "DATA": {"cdb_module_id": "tickets.plm"}},
      {"PRIMARY_KEYS": {"classname": "change_request", "name": "CDB_Copy", "role_id": "public"}, "DATA": {"cdb_module_id": "tickets.plm"}},
      {"PRIMARY_KEYS": {"classname": "classification_types", "name": "CDB_Copy", "role_id": "public"}, "DATA": {"cdb_module_id": "tickets.plm"}},
      {"PRIMARY_KEYS": {"classname": "cr_doc_rel", "name": "CDB_Copy", "role_id": "public"}, "DATA": {"cdb_module_id": "tickets.plm"}},
      {"PRIMARY_KEYS": {"classname": "feature", "name": "CDB_Copy", "role_id": "public"}, "DATA": {"cdb_module_id": "tickets.plm"}},
      {"PRIMARY_KEYS": {"classname": "technical_debt", "name": "CDB_Copy", "role_id": "public"}, "DATA": {"cdb_module_id": "tickets.plm"}},
      {"PRIMARY_KEYS": {"classname": "Severity", "name": "CDB_Create", "role_id": "public"}, "DATA": {"cdb_module_id": "tickets.plm"}},
      {"PRIMARY_KEYS": {"classname": "bug", "name": "CDB_Create", "role_id": "public"}, "DATA": {"cdb_module_id": "tickets.plm"}},
      {"PRIMARY_KEYS": {"classname": "change_request", "name": "CDB_Create", "role_id": "public"}, "DATA": {"cdb_module_id": "tickets.plm"}},
      {"PRIMARY_KEYS": {"classname": "classification_types", "name": "CDB_Create", "role_id": "public"}, "DATA": {"cdb_module_id": "tickets.plm"}},
      {"PRIMARY_KEYS": {"classname": "cr_doc_rel", "name": "CDB_Create", "role_id": "public"}, "DATA": {"cdb_module_id": "tickets.plm"}},
      {"PRIMARY_KEYS": {"classname": "feature", "name": "CDB_Create", "role_id": "public"}, "DATA": {"cdb_module_id": "tickets.plm"}},
      {"PRIMARY_KEYS": {"classname": "technical_debt", "name": "CDB_Create", "role_id": "public"}, "DATA": {"cdb_module_id": "tickets.plm"}},
      {"PRIMARY_KEYS": {"classname": "Severity", "name": "CDB_Delete", "role_id": "public"}, "DATA": {"cdb_module_id": "tickets.plm"}},
      {"PRIMARY_KEYS": {"classname": "change_request", "name": "CDB_Delete", "role_id": "public"}, "DATA": {"cdb_module_id": "tickets.plm"}},
      {"PRIMARY_KEYS": {"classname": "classification_types", "name": "CDB_Delete", "role_id": "public"}, "DATA": {"cdb_module_id": "tickets.plm"}},
      {"PRIMARY_KEYS": {"classname": "cr_doc_rel", "name": "CDB_Delete", "role_id": "public"}, "DATA": {"cdb_module_id": "tickets.plm"}},
      {"PRIMARY_KEYS": {"classname": "Severity", "name": "CDB_Export", "role_id": "public"}, "DATA": {"cdb_module_id": "tickets.plm"}},
      {"PRIMARY_KEYS": {"classname": "change_request", "name": "CDB_Export", "role_id": "public"}, "DATA": {"cdb_module_id": "tickets.plm"}},
      {"PRIMARY_KEYS": {"classname": "classification_types", "name": "CDB_Export", "role_id": "public"}, "DATA": {"cdb_module_id": "tickets.plm"}},
      {"PRIMARY_KEYS": {"classname": "cr_doc_rel", "name": "CDB_Export", "role_id": "public"}, "DATA": {"cdb_module_id": "tickets.plm"}},
      {"PRIMARY_KEYS": {"classname": "Severity", "name": "CDB_Modify", "role_id": "public"}, "DATA": {"cdb_module_id": "tickets.plm"}},
      {"PRIMARY_KEYS": {"classname": "bug", "name": "CDB_Modify", "role_id": "public"}, "DATA": {"cdb_module_id": "tickets.plm"}},
      {"PRIMARY_KEYS": {"classname": "change_request", "name": "CDB_Modify", "role_id": "public"}, "DATA": {"cdb_module_id": "tickets.plm"}},
      {"PRIMARY_KEYS": {"classname": "classification_types", "name": "CDB_Modify", "role_id": "public"}, "DATA": {"cdb_module_id": "tickets.plm"}},
      {"PRIMARY_KEYS": {"classname": "cr_doc_rel", "name": "CDB_Modify", "role_id": "public"}, "DATA": {"cdb_module_id": "tickets.plm"}},
      {"PRIMARY_KEYS": {"classname": "feature", "name": "CDB_Modify", "role_id": "public"}, "DATA": {"cdb_module_id": "tickets.plm"}},
      {"PRIMARY_KEYS": {"classname": "technical_debt", "name": "CDB_Modify", "role_id": "public"}, "DATA": {"cdb_module_id": "tickets.plm"}},
      {"PRIMARY_KEYS": {"classname": "Severity", "name": "CDB_Search", "role_id": "public"}, "DATA": {"cdb_module_id": "tickets.plm"}},
      {"PRIMARY_KEYS": {"classname": "bug", "name": "CDB_Search", "role_id": "public"}, "DATA": {"cdb_module_id": "tickets.plm"}},
      {"PRIMARY_KEYS": {"classname": "change_request", "name": "CDB_Search", "role_id": "public"}, "DATA": {"cdb_module_id": "tickets.plm"}},
      {"PRIMARY_KEYS": {"classname": "classification_types", "name": "CDB_Search", "role_id": "public"}, "DATA": {"cdb_module_id": "tickets.plm"}},
      {"PRIMARY_KEYS": {"classname": "cr_doc_rel", "name": "CDB_Search", "role_id": "public"}, "DATA": {"cdb_module_id": "tickets.plm"}},
      {"PRIMARY_KEYS": {"classname": "feature", "name": "CDB_Search", "role_id": "public"}, "DATA": {"cdb_module_id": "tickets.plm"}},
      {"PRIMARY_KEYS": {"classname": "technical_debt", "name": "CDB_Search", "role_id": "public"}, "DATA": {"cdb_module_id": "tickets.plm"}},
      {"PRIMARY_KEYS": {"classname": "Severity", "name": "CDB_SearchAgain", "role_id": "public"}, "DATA": {"cdb_module_id": "tickets.plm"}},
      {"PRIMARY_KEYS": {"classname": "bug", "name": "CDB_SearchAgain", "role_id": "public"}, "DATA": {"cdb_module_id": "tickets.plm"}},
      {"PRIMARY_KEYS": {"classname": "change_request", "name": "CDB_SearchAgain", "role_id": "public"}, "DATA": {"cdb_module_id": "tickets.plm"}},
      {"PRIMARY_KEYS": {"classname": "classification_types", "name": "CDB_SearchAgain", "role_id": "public"}, "DATA": {"cdb_module_id": "tickets.plm"}},
      {"PRIMARY_KEYS": {"classname": "cr_doc_rel", "name": "CDB_SearchAgain", "role_id": "public"}, "DATA": {"cdb_module_id": "tickets.plm"}},
      {"PRIMARY_KEYS": {"classname": "feature", "name": "CDB_SearchAgain", "role_id": "public"}, "DATA": {"cdb_module_id": "tickets.plm"}},
      {"PRIMARY_KEYS": {"classname": "technical_debt", "name": "CDB_SearchAgain", "role_id": "public"}, "DATA": {"cdb_module_id": "tickets.plm"}},
      {"PRIMARY_KEYS": {"classname": "Severity", "name": "CDB_SelectAndAssign", "role_id": "public"}, "DATA": {"cdb_module_id": "tickets.plm"}},
      {"PRIMARY_KEYS": {"classname": "change_request", "name": "CDB_SelectAndAssign", "role_id": "public"}, "DATA": {"cdb_module_id": "tickets.plm"}},
      {"PRIMARY_KEYS": {"classname": "classification_types", "name": "CDB_SelectAndAssign", "role_id": "public"}, "DATA": {"cdb_module_id": "tickets.plm"}},
      {"PRIMARY_KEYS": {"classname": "cr_doc_rel", "name": "CDB_SelectAndAssign", "role_id": "public"}, "DATA": {"cdb_module_id": "tickets.plm"}},
      {"PRIMARY_KEYS": {"classname": "change_request", "name": "CDB_SelectType", "role_id": "public"}, "DATA": {"cdb_module_id": "tickets.plm"}},
      {"PRIMARY_KEYS": {"classname": "Severity", "name": "CDB_ShowObject", "role_id": "public"}, "DATA": {"cdb_module_id": "tickets.plm"}},
      {"PRIMARY_KEYS": {"classname": "bug", "name": "CDB_ShowObject", "role_id": "public"}, "DATA": {"cdb_module_id": "tickets.plm"}},
      {"PRIMARY_KEYS": {"classname": "change_request", "name": "CDB_ShowObject", "role_id": "public"}, "DATA": {"cdb_module_id": "tickets.plm"}},
      {"PRIMARY_KEYS": {"classname": "classification_types", "name": "CDB_ShowObject", "role_id": "public"}, "DATA": {"cdb_module_id": "tickets.plm"}},
      {"PRIMARY_KEYS": {"classname": "cr_doc_rel", "name": "CDB_ShowObject", "role_id": "public"}, "DATA": {"cdb_module_id": "tickets.plm"}},
      {"PRIMARY_KEYS": {"classname": "feature", "name": "CDB_ShowObject", "role_id": "public"}, "DATA": {"cdb_module_id": "tickets.plm"}},
      {"PRIMARY_KEYS": {"classname": "technical_debt", "name": "CDB_ShowObject", "role_id": "public"}, "DATA": {"cdb_module_id": "tickets.plm"}},
      {"PRIMARY_KEYS": {"classname": "change_request", "name": "CDB_Workflow", "role_id": "public"}, "DATA": {"cdb_module_id": "tickets.plm"}},
      {"PRIMARY_KEYS": {"classname": "change_request", "name": "QuickClose", "role_id": "Administrator"}, "DATA": {"cdb_module_id": "tickets.plm"}},
      {"PRIMARY_KEYS": {"classname": "change_request", "name": "SetCriticalSeverity", "role_id": "public"}, "DATA": {"cdb_module_id": "tickets.plm"}}
    ],
    "CONTENT_DOMAIN": "",
    "UPDATE_POLICY": "ALWAYS UPDATED"
  }
}