{
  "cdb_rs_owner": {
    "CONTENT": [
      {"PRIMARY_KEYS": {"name": "cr_customer_rel", "role_id": "public"}, "DATA": {"cdb_module_id": "tickets.plm"}},
      {"PRIMARY_KEYS": {"name": "cr_documet_rel", "role_id": "public"}, "DATA": {"cdb_module_id": "tickets.plm"}},
      {"PRIMARY_KEYS": {"name": "cr_product_rel", "role_id": "public"}, "DATA": {"cdb_module_id": "tickets.plm"}},
      {"PRIMARY_KEYS": {"name": "cr_responsible_rel", "role_id": "public"}, "DATA": {"cdb_module_id": "tickets.plm"}},
      {"PRIMARY_KEYS": {"name": "cr_severity_rel", "role_id": "public"}, "DATA": {"cdb_module_id": "tickets.plm"}}
    ],
    "CONTENT_DOMAIN": "",
    "UPDATE_POLICY": "ALWAYS UPDATED"
  }
}