{
  "cdb_relships": {
    "CONTENT": [
      {"PRIMARY_KEYS": {"name": "cr_customer_rel"}, "DATA": {"acl_allow": "", "acl_errmsg": "", "assign_catalog": "", "assign_opname": "", "cdb_module_id": "tickets.plm", "check_on_delete": 0, "deactivated": 0, "delcheck_errmsg": "", "descr": "", "dropreferenceok": 1, "label": "customer", "menugroup": 100000, "node_tag": "", "ordering": null, "overlay_icon_id": "", "prefix_ref": "", "prefix_rship": "", "projection": "", "reference": "cdb_organization", "reference_kmap": "customer=org_id", "referer": "change_request", "referer_kmap": "cdb_object_id=cdb=object_id", "relship_cldef": "change_request", "relship_table": "", "rolename": "Customer", "rs_acc_prof": "", "rs_profile": "cdb_association_1_N", "show_in_mask": 1, "show_in_menu": 0}},
      {"PRIMARY_KEYS": {"name": "cr_documet_rel"}, "DATA": {"acl_allow": "", "acl_errmsg": "", "assign_catalog": "", "assign_opname": "", "cdb_module_id": "tickets.plm", "check_on_delete": 0, "deactivated": 0, "delcheck_errmsg": "", "descr": "", "dropreferenceok": 1, "label": "documents", "menugroup": 100000, "node_tag": "", "ordering": null, "overlay_icon_id": "", "prefix_ref": "", "prefix_rship": "", "projection": "", "reference": "document", "reference_kmap": "z_nummer=z_nummer;z_index=z_index", "referer": "change_request", "referer_kmap": "cdb_object_id=cdb_object_id", "relship_cldef": "cr_doc_rel", "relship_table": "", "rolename": "Document", "rs_acc_prof": "", "rs_profile": "cdb_association_1_N", "show_in_mask": 1, "show_in_menu": 0}},
      {"PRIMARY_KEYS": {"name": "cr_product_rel"}, "DATA": {"acl_allow": "", "acl_errmsg": "", "assign_catalog": "", "assign_opname": "", "cdb_module_id": "tickets.plm", "check_on_delete": 0, "deactivated": 0, "delcheck_errmsg": "", "descr": "", "dropreferenceok": 1, "label": "cr_product_rel", "menugroup": 100000, "node_tag": "", "ordering": null, "overlay_icon_id": "", "prefix_ref": "", "prefix_rship": "", "projection": "", "reference": "cdbvp_product", "reference_kmap": "cdb_object_id=cdb_object_id", "referer": "change_request", "referer_kmap": "cdb_object_id=cdb_object_id", "relship_cldef": "change_request", "relship_table": "", "rolename": "Product", "rs_acc_prof": "", "rs_profile": "cdb_association_1_N", "show_in_mask": 1, "show_in_menu": 0}},
      {"PRIMARY_KEYS": {"name": "cr_responsible_rel"}, "DATA": {"acl_allow": "", "acl_errmsg": "", "assign_catalog": "", "assign_opname": "", "cdb_module_id": "tickets.plm", "check_on_delete": 0, "deactivated": 0, "delcheck_errmsg": "", "descr": "", "dropreferenceok": 1, "label": "cr_responsible_rel", "menugroup": 100000, "node_tag": "", "ordering": null, "overlay_icon_id": "", "prefix_ref": "", "prefix_rship": "", "projection": "", "reference": "cdb_person", "reference_kmap": "responsible=personalnummer", "referer": "change_request", "referer_kmap": "cdb_object_id=cdb_object_id", "relship_cldef": "change_request", "relship_table": "", "rolename": "Responsible", "rs_acc_prof": "", "rs_profile": "cdb_association_1_N", "show_in_mask": 1, "show_in_menu": 0}},
      {"PRIMARY_KEYS": {"name": "cr_severity_rel"}, "DATA": {"acl_allow": "", "acl_errmsg": "", "assign_catalog": "", "assign_opname": "", "cdb_module_id": "tickets.plm", "check_on_delete": 0, "deactivated": 0, "delcheck_errmsg": "", "descr": "", "dropreferenceok": 0, "label": "cr_severity_rel", "menugroup": null, "node_tag": "", "ordering": null, "overlay_icon_id": "", "prefix_ref": "", "prefix_rship": "", "projection": "", "reference": "Severity", "reference_kmap": "cdb_object_id=cdb_object_id", "referer": "change_request", "referer_kmap": "cdb_object_id=cdb_object_id", "relship_cldef": "Severity", "relship_table": "severity", "rolename": "Severity", "rs_acc_prof": "", "rs_profile": "cdb_association_1_1", "show_in_mask": 0, "show_in_menu": 0}}
    ],
    "CONTENT_DOMAIN": "",
    "UPDATE_POLICY": "ALWAYS UPDATED"
  }
}