{
  "cdb_wflow_rights": {
    "CONTENT": [
      {"PRIMARY_KEYS": {"iststatus": 0, "objektart": "change_request", "subject_id": "public", "subject_type": "Common Role", "zielstatus": 50}, "DATA": {"cdb_module_id": "tickets.plm"}},
      {"PRIMARY_KEYS": {"iststatus": 100, "objektart": "change_request", "subject_id": "public", "subject_type": "Common Role", "zielstatus": 150}, "DATA": {"cdb_module_id": "tickets.plm"}},
      {"PRIMARY_KEYS": {"iststatus": 150, "objektart": "change_request", "subject_id": "public", "subject_type": "Common Role", "zielstatus": 200}, "DATA": {"cdb_module_id": "tickets.plm"}},
      {"PRIMARY_KEYS": {"iststatus": 50, "objektart": "change_request", "subject_id": "public", "subject_type": "Common Role", "zielstatus": 100}, "DATA": {"cdb_module_id": "tickets.plm"}}
    ],
    "CONTENT_DOMAIN": "ObjectLifeCycle",
    "UPDATE_POLICY": "OPTIONALLY UPDATED"
  }
}