{
  "cdbdd_field": {
    "CONTENT": [
      {"PRIMARY_KEYS": {"classname": "", "field_name": "id"}, "DATA": {"activity_enable_sys_posting": 0, "activity_posting_label": "", "cdb_classname": "cdbdd_char_field", "cdb_iso_language_code": "", "cdb_module_id": "tickets.plm", "cdb_object_id": "38d8e0a9-4573-11ee-8a6c-982cbc4c9121", "data_length": 7, "db_default": "", "db_not_null": 0, "description": "", "errmsg_regular_expression": "", "float_post_decimal": null, "gui_autodefined": 1, "helptext_cs": null, "helptext_de": "", "helptext_en": "", "helptext_es": null, "helptext_fr": null, "helptext_it": null, "helptext_ja": null, "helptext_ko": null, "helptext_pl": null, "helptext_pt": null, "helptext_tr": null, "helptext_zh": null, "is_mandatory": 1, "is_system": 0, "join_alias": null, "joined_classname": null, "joined_field_name": null, "label_cs": null, "label_de": "id", "label_en": "id", "label_es": null, "label_fr": null, "label_it": null, "label_ja": null, "label_ko": null, "label_pl": null, "label_pt": null, "label_tr": null, "label_zh": null, "ma_cache_refresh": null, "ma_cache_strategy": null, "ma_source_data_att": null, "ma_source_map_key": null, "ma_source_relation": null, "ma_target_map_key": null, "multilang_field_name": "", "not_replicated": 0, "position": 10, "pq_type": null, "predefined_field_clsname": null, "predefined_field_name": null, "ranking_fac": "descriptive", "regular_expression": "", "rest_visible": 1, "show_as_utc": null, "with_time": null}},
      {"PRIMARY_KEYS": {"classname": "Severity", "field_name": "cdb_object_id"}, "DATA": {"activity_enable_sys_posting": null, "activity_posting_label": null, "cdb_classname": "cdbdd_predefined_field", "cdb_iso_language_code": null, "cdb_module_id": "tickets.plm", "cdb_object_id": "6999a16a-458c-11ee-8a6c-982cbc4c9121", "data_length": null, "db_default": "", "db_not_null": 0, "description": null, "errmsg_regular_expression": null, "float_post_decimal": null, "gui_autodefined": 0, "helptext_cs": null, "helptext_de": null, "helptext_en": null, "helptext_es": null, "helptext_fr": null, "helptext_it": null, "helptext_ja": null, "helptext_ko": null, "helptext_pl": null, "helptext_pt": null, "helptext_tr": null, "helptext_zh": null, "is_mandatory": 0, "is_system": 0, "join_alias": null, "joined_classname": null, "joined_field_name": null, "label_cs": null, "label_de": null, "label_en": null, "label_es": null, "label_fr": null, "label_it": null, "label_ja": null, "label_ko": null, "label_pl": null, "label_pt": null, "label_tr": null, "label_zh": null, "ma_cache_refresh": null, "ma_cache_strategy": null, "ma_source_data_att": null, "ma_source_map_key": null, "ma_source_relation": null, "ma_target_map_key": null, "multilang_field_name": "", "not_replicated": 0, "position": 10, "pq_type": null, "predefined_field_clsname": "", "predefined_field_name": "cdb_object_id", "ranking_fac": "not indexed", "regular_expression": null, "rest_visible": 1, "show_as_utc": null, "with_time": null}},
      {"PRIMARY_KEYS": {"classname": "Severity", "field_name": "description"}, "DATA": {"activity_enable_sys_posting": 0, "activity_posting_label": "", "cdb_classname": "cdbdd_char_field", "cdb_iso_language_code": "", "cdb_module_id": "tickets.plm", "cdb_object_id": "248b910c-458d-11ee-8a6c-982cbc4c9121", "data_length": 50, "db_default": "", "db_not_null": 0, "description": "", "errmsg_regular_expression": "", "float_post_decimal": null, "gui_autodefined": 1, "helptext_cs": null, "helptext_de": "", "helptext_en": "", "helptext_es": null, "helptext_fr": null, "helptext_it": null, "helptext_ja": null, "helptext_ko": null, "helptext_pl": null, "helptext_pt": null, "helptext_tr": null, "helptext_zh": null, "is_mandatory": 0, "is_system": 0, "join_alias": null, "joined_classname": null, "joined_field_name": null, "label_cs": null, "label_de": "Beschreibung", "label_en": "Description", "label_es": null, "label_fr": null, "label_it": null, "label_ja": null, "label_ko": null, "label_pl": null, "label_pt": null, "label_tr": null, "label_zh": null, "ma_cache_refresh": null, "ma_cache_strategy": null, "ma_source_data_att": null, "ma_source_map_key": null, "ma_source_relation": null, "ma_target_map_key": null, "multilang_field_name": "", "not_replicated": 0, "position": 30, "pq_type": null, "predefined_field_clsname": null, "predefined_field_name": null, "ranking_fac": "descriptive", "regular_expression": "", "rest_visible": 1, "show_as_utc": null, "with_time": null}},
      {"PRIMARY_KEYS": {"classname": "Severity", "field_name": "ranking"}, "DATA": {"activity_enable_sys_posting": 0, "activity_posting_label": "", "cdb_classname": "cdbdd_char_field", "cdb_iso_language_code": "", "cdb_module_id": "tickets.plm", "cdb_object_id": "c96f636b-458d-11ee-8a6c-982cbc4c9121", "data_length": 20, "db_default": "", "db_not_null": 0, "description": "", "errmsg_regular_expression": "", "float_post_decimal": null, "gui_autodefined": 1, "helptext_cs": null, "helptext_de": "", "helptext_en": "", "helptext_es": null, "helptext_fr": null, "helptext_it": null, "helptext_ja": null, "helptext_ko": null, "helptext_pl": null, "helptext_pt": null, "helptext_tr": null, "helptext_zh": null, "is_mandatory": 0, "is_system": 0, "join_alias": null, "joined_classname": null, "joined_field_name": null, "label_cs": null, "label_de": "Rangliste", "label_en": "Ranking", "label_es": null, "label_fr": null, "label_it": null, "label_ja": null, "label_ko": null, "label_pl": null, "label_pt": null, "label_tr": null, "label_zh": null, "ma_cache_refresh": null, "ma_cache_strategy": null, "ma_source_data_att": null, "ma_source_map_key": null, "ma_source_relation": null, "ma_target_map_key": null, "multilang_field_name": "", "not_replicated": 0, "position": 40, "pq_type": null, "predefined_field_clsname": null, "predefined_field_name": null, "ranking_fac": "descriptive", "regular_expression": "", "rest_visible": 1, "show_as_utc": null, "with_time": null}},
      {"PRIMARY_KEYS": {"classname": "Severity", "field_name": "severity_name"}, "DATA": {"activity_enable_sys_posting": 0, "activity_posting_label": "", "cdb_classname": "cdbdd_char_field", "cdb_iso_language_code": "", "cdb_module_id": "tickets.plm", "cdb_object_id": "eb6991f3-458c-11ee-8a6c-982cbc4c9121", "data_length": 35, "db_default": "", "db_not_null": 0, "description": "", "errmsg_regular_expression": "", "float_post_decimal": null, "gui_autodefined": 1, "helptext_cs": null, "helptext_de": "", "helptext_en": "", "helptext_es": null, "helptext_fr": null, "helptext_it": null, "helptext_ja": null, "helptext_ko": null, "helptext_pl": null, "helptext_pt": null, "helptext_tr": null, "helptext_zh": null, "is_mandatory": 0, "is_system": 0, "join_alias": null, "joined_classname": null, "joined_field_name": null, "label_cs": null, "label_de": "Name des Schweregrads", "label_en": "Severity Name", "label_es": null, "label_fr": null, "label_it": null, "label_ja": null, "label_ko": null, "label_pl": null, "label_pt": null, "label_tr": null, "label_zh": null, "ma_cache_refresh": null, "ma_cache_strategy": null, "ma_source_data_att": null, "ma_source_map_key": null, "ma_source_relation": null, "ma_target_map_key": null, "multilang_field_name": "", "not_replicated": 0, "position": 20, "pq_type": null, "predefined_field_clsname": null, "predefined_field_name": null, "ranking_fac": "descriptive", "regular_expression": "", "rest_visible": 1, "show_as_utc": null, "with_time": null}},
      {"PRIMARY_KEYS": {"classname": "bug", "field_name": "change_num"}, "DATA": {"activity_enable_sys_posting": null, "activity_posting_label": null, "cdb_classname": "cdbdd_predefined_field", "cdb_iso_language_code": "", "cdb_module_id": "tickets.plm", "cdb_object_id": "cc5ca3b0-4735-11ee-8a6c-982cbc4c9121", "data_length": null, "db_default": "", "db_not_null": 0, "description": "", "errmsg_regular_expression": null, "float_post_decimal": null, "gui_autodefined": 1, "helptext_cs": null, "helptext_de": "", "helptext_en": "", "helptext_es": null, "helptext_fr": null, "helptext_it": null, "helptext_ja": null, "helptext_ko": null, "helptext_pl": null, "helptext_pt": null, "helptext_tr": null, "helptext_zh": null, "is_mandatory": 0, "is_system": 0, "join_alias": null, "joined_classname": null, "joined_field_name": null, "label_cs": null, "label_de": "Change Number", "label_en": "Change Number", "label_es": null, "label_fr": null, "label_it": null, "label_ja": null, "label_ko": null, "label_pl": null, "label_pt": null, "label_tr": null, "label_zh": null, "ma_cache_refresh": null, "ma_cache_strategy": null, "ma_source_data_att": null, "ma_source_map_key": null, "ma_source_relation": null, "ma_target_map_key": null, "multilang_field_name": "", "not_replicated": 0, "position": 10, "pq_type": null, "predefined_field_clsname": "change_request", "predefined_field_name": "change_number", "ranking_fac": "not indexed", "regular_expression": null, "rest_visible": 1, "show_as_utc": null, "with_time": null}},
      {"PRIMARY_KEYS": {"classname": "change_request", "field_name": "cdb_classname"}, "DATA": {"activity_enable_sys_posting": null, "activity_posting_label": null, "cdb_classname": "cdbdd_predefined_field", "cdb_iso_language_code": null, "cdb_module_id": "tickets.plm", "cdb_object_id": "dc01991d-45a5-11ee-8a6c-982cbc4c9121", "data_length": null, "db_default": "", "db_not_null": 0, "description": null, "errmsg_regular_expression": null, "float_post_decimal": null, "gui_autodefined": 0, "helptext_cs": null, "helptext_de": null, "helptext_en": null, "helptext_es": null, "helptext_fr": null, "helptext_it": null, "helptext_ja": null, "helptext_ko": null, "helptext_pl": null, "helptext_pt": null, "helptext_tr": null, "helptext_zh": null, "is_mandatory": 0, "is_system": 0, "join_alias": null, "joined_classname": null, "joined_field_name": null, "label_cs": null, "label_de": null, "label_en": null, "label_es": null, "label_fr": null, "label_it": null, "label_ja": null, "label_ko": null, "label_pl": null, "label_pt": null, "label_tr": null, "label_zh": null, "ma_cache_refresh": null, "ma_cache_strategy": null, "ma_source_data_att": null, "ma_source_map_key": null, "ma_source_relation": null, "ma_target_map_key": null, "multilang_field_name": "", "not_replicated": 0, "position": 210, "pq_type": null, "predefined_field_clsname": "", "predefined_field_name": "cdb_classname", "ranking_fac": "not indexed", "regular_expression": null, "rest_visible": 1, "show_as_utc": null, "with_time": null}},
      {"PRIMARY_KEYS": {"classname": "change_request", "field_name": "cdb_object_id"}, "DATA": {"activity_enable_sys_posting": null, "activity_posting_label": null, "cdb_classname": "cdbdd_predefined_field", "cdb_iso_language_code": null, "cdb_module_id": "tickets.plm", "cdb_object_id": "7f6536c9-457b-11ee-8a6c-982cbc4c9121", "data_length": null, "db_default": "", "db_not_null": 0, "description": null, "errmsg_regular_expression": null, "float_post_decimal": null, "gui_autodefined": 0, "helptext_cs": null, "helptext_de": null, "helptext_en": null, "helptext_es": null, "helptext_fr": null, "helptext_it": null, "helptext_ja": null, "helptext_ko": null, "helptext_pl": null, "helptext_pt": null, "helptext_tr": null, "helptext_zh": null, "is_mandatory": 0, "is_system": 0, "join_alias": null, "joined_classname": null, "joined_field_name": null, "label_cs": null, "label_de": null, "label_en": null, "label_es": null, "label_fr": null, "label_it": null, "label_ja": null, "label_ko": null, "label_pl": null, "label_pt": null, "label_tr": null, "label_zh": null, "ma_cache_refresh": null, "ma_cache_strategy": null, "ma_source_data_att": null, "ma_source_map_key": null, "ma_source_relation": null, "ma_target_map_key": null, "multilang_field_name": "", "not_replicated": 0, "position": 10, "pq_type": null, "predefined_field_clsname": "", "predefined_field_name": "cdb_object_id", "ranking_fac": "not indexed", "regular_expression": null, "rest_visible": 1, "show_as_utc": null, "with_time": null}},
      {"PRIMARY_KEYS": {"classname": "change_request", "field_name": "cdb_objektart"}, "DATA": {"activity_enable_sys_posting": null, "activity_posting_label": null, "cdb_classname": "cdbdd_predefined_field", "cdb_iso_language_code": "", "cdb_module_id": "tickets.plm", "cdb_object_id": "86dd6ce4-eb58-11ee-8a8a-982cbc4c9121", "data_length": null, "db_default": "", "db_not_null": 0, "description": "", "errmsg_regular_expression": null, "float_post_decimal": null, "gui_autodefined": 1, "helptext_cs": null, "helptext_de": "", "helptext_en": "", "helptext_es": null, "helptext_fr": null, "helptext_it": null, "helptext_ja": null, "helptext_ko": null, "helptext_pl": null, "helptext_pt": null, "helptext_tr": null, "helptext_zh": null, "is_mandatory": 0, "is_system": 0, "join_alias": null, "joined_classname": null, "joined_field_name": null, "label_cs": null, "label_de": "", "label_en": "", "label_es": null, "label_fr": null, "label_it": null, "label_ja": null, "label_ko": null, "label_pl": null, "label_pt": null, "label_tr": null, "label_zh": null, "ma_cache_refresh": null, "ma_cache_strategy": null, "ma_source_data_att": null, "ma_source_map_key": null, "ma_source_relation": null, "ma_target_map_key": null, "multilang_field_name": "", "not_replicated": 0, "position": 300, "pq_type": null, "predefined_field_clsname": "", "predefined_field_name": "cdb_objektart", "ranking_fac": "not indexed", "regular_expression": null, "rest_visible": 1, "show_as_utc": null, "with_time": null}},
      {"PRIMARY_KEYS": {"classname": "change_request", "field_name": "cdb_status_txt"}, "DATA": {"activity_enable_sys_posting": null, "activity_posting_label": null, "cdb_classname": "cdbdd_predefined_field", "cdb_iso_language_code": "", "cdb_module_id": "tickets.plm", "cdb_object_id": "1f5ffe9d-4596-11ee-8a6c-982cbc4c9121", "data_length": null, "db_default": "", "db_not_null": 0, "description": "", "errmsg_regular_expression": null, "float_post_decimal": null, "gui_autodefined": 1, "helptext_cs": null, "helptext_de": "", "helptext_en": "", "helptext_es": null, "helptext_fr": null, "helptext_it": null, "helptext_ja": null, "helptext_ko": null, "helptext_pl": null, "helptext_pt": null, "helptext_tr": null, "helptext_zh": null, "is_mandatory": 0, "is_system": 0, "join_alias": null, "joined_classname": null, "joined_field_name": null, "label_cs": null, "label_de": "", "label_en": "Status text", "label_es": null, "label_fr": null, "label_it": null, "label_ja": null, "label_ko": null, "label_pl": null, "label_pt": null, "label_tr": null, "label_zh": null, "ma_cache_refresh": null, "ma_cache_strategy": null, "ma_source_data_att": null, "ma_source_map_key": null, "ma_source_relation": null, "ma_target_map_key": null, "multilang_field_name": "", "not_replicated": 0, "position": 160, "pq_type": null, "predefined_field_clsname": "", "predefined_field_name": "cdb_status_txt", "ranking_fac": "not indexed", "regular_expression": null, "rest_visible": 1, "show_as_utc": null, "with_time": null}},
      {"PRIMARY_KEYS": {"classname": "change_request", "field_name": "change_number"}, "DATA": {"activity_enable_sys_posting": 0, "activity_posting_label": "", "cdb_classname": "cdbdd_char_field", "cdb_iso_language_code": "", "cdb_module_id": "tickets.plm", "cdb_object_id": "169a8c97-470a-11ee-8a6c-982cbc4c9121", "data_length": 8, "db_default": "", "db_not_null": 0, "description": "", "errmsg_regular_expression": "", "float_post_decimal": null, "gui_autodefined": 1, "helptext_cs": null, "helptext_de": "", "helptext_en": "", "helptext_es": null, "helptext_fr": null, "helptext_it": null, "helptext_ja": null, "helptext_ko": null, "helptext_pl": null, "helptext_pt": null, "helptext_tr": null, "helptext_zh": null, "is_mandatory": 0, "is_system": 0, "join_alias": null, "joined_classname": null, "joined_field_name": null, "label_cs": null, "label_de": "\u00c4nderungsnummer", "label_en": "Change Number", "label_es": null, "label_fr": null, "label_it": null, "label_ja": null, "label_ko": null, "label_pl": null, "label_pt": null, "label_tr": null, "label_zh": null, "ma_cache_refresh": null, "ma_cache_strategy": null, "ma_source_data_att": null, "ma_source_map_key": null, "ma_source_relation": null, "ma_target_map_key": null, "multilang_field_name": "", "not_replicated": 0, "position": 10, "pq_type": null, "predefined_field_clsname": null, "predefined_field_name": null, "ranking_fac": "descriptive", "regular_expression": "CN[0-9]{6}$", "rest_visible": 1, "show_as_utc": null, "with_time": null}},
      {"PRIMARY_KEYS": {"classname": "change_request", "field_name": "classification"}, "DATA": {"activity_enable_sys_posting": 0, "activity_posting_label": "", "cdb_classname": "cdbdd_char_field", "cdb_iso_language_code": "", "cdb_module_id": "tickets.plm", "cdb_object_id": "d4d350cb-4583-11ee-8a6c-982cbc4c9121", "data_length": 35, "db_default": "", "db_not_null": 0, "description": "", "errmsg_regular_expression": "", "float_post_decimal": null, "gui_autodefined": 1, "helptext_cs": null, "helptext_de": "", "helptext_en": "", "helptext_es": null, "helptext_fr": null, "helptext_it": null, "helptext_ja": null, "helptext_ko": null, "helptext_pl": null, "helptext_pt": null, "helptext_tr": null, "helptext_zh": null, "is_mandatory": 1, "is_system": 0, "join_alias": null, "joined_classname": null, "joined_field_name": null, "label_cs": null, "label_de": "Klassifizierung", "label_en": "Classification", "label_es": null, "label_fr": null, "label_it": null, "label_ja": null, "label_ko": null, "label_pl": null, "label_pt": null, "label_tr": null, "label_zh": null, "ma_cache_refresh": null, "ma_cache_strategy": null, "ma_source_data_att": null, "ma_source_map_key": null, "ma_source_relation": null, "ma_target_map_key": null, "multilang_field_name": "", "not_replicated": 0, "position": 20, "pq_type": null, "predefined_field_clsname": null, "predefined_field_name": null, "ranking_fac": "descriptive", "regular_expression": "", "rest_visible": 1, "show_as_utc": null, "with_time": null}},
      {"PRIMARY_KEYS": {"classname": "change_request", "field_name": "customer"}, "DATA": {"activity_enable_sys_posting": 0, "activity_posting_label": null, "cdb_classname": "cdbdd_predefined_field", "cdb_iso_language_code": "", "cdb_module_id": "tickets.plm", "cdb_object_id": "4c6c9e6f-4594-11ee-8a6c-982cbc4c9121", "data_length": null, "db_default": "", "db_not_null": 0, "description": "", "errmsg_regular_expression": null, "float_post_decimal": null, "gui_autodefined": 1, "helptext_cs": null, "helptext_de": "", "helptext_en": "", "helptext_es": null, "helptext_fr": null, "helptext_it": null, "helptext_ja": null, "helptext_ko": null, "helptext_pl": null, "helptext_pt": null, "helptext_tr": null, "helptext_zh": null, "is_mandatory": 0, "is_system": 0, "join_alias": null, "joined_classname": null, "joined_field_name": null, "label_cs": null, "label_de": "", "label_en": "Customer", "label_es": null, "label_fr": null, "label_it": null, "label_ja": null, "label_ko": null, "label_pl": null, "label_pt": null, "label_tr": null, "label_zh": null, "ma_cache_refresh": null, "ma_cache_strategy": null, "ma_source_data_att": null, "ma_source_map_key": null, "ma_source_relation": null, "ma_target_map_key": null, "multilang_field_name": "", "not_replicated": 0, "position": 130, "pq_type": null, "predefined_field_clsname": "cdb_organization", "predefined_field_name": "org_id", "ranking_fac": "not indexed", "regular_expression": null, "rest_visible": 1, "show_as_utc": null, "with_time": null}},
      {"PRIMARY_KEYS": {"classname": "change_request", "field_name": "description4_txt"}, "DATA": {"activity_enable_sys_posting": null, "activity_posting_label": null, "cdb_classname": "cdbdd_text_field", "cdb_iso_language_code": null, "cdb_module_id": "tickets.plm", "cdb_object_id": "cfe4a896-48a9-11ee-8a6c-982cbc4c9121", "content_type": "PlainText", "data_length": null, "db_default": null, "db_not_null": null, "description": "## Actual behavior\n## Expected behavior\n## Steps to reproduce actual behavior", "errmsg_regular_expression": null, "float_post_decimal": null, "gui_autodefined": 1, "helptext_cs": null, "helptext_de": "", "helptext_en": "", "helptext_es": null, "helptext_fr": null, "helptext_it": null, "helptext_ja": null, "helptext_ko": null, "helptext_pl": null, "helptext_pt": null, "helptext_tr": null, "helptext_zh": null, "is_mandatory": null, "is_system": 0, "join_alias": null, "joined_classname": null, "joined_field_name": null, "label_cs": null, "label_de": "Beschreibung", "label_en": "Description", "label_es": null, "label_fr": null, "label_it": null, "label_ja": null, "label_ko": null, "label_pl": null, "label_pt": null, "label_tr": null, "label_zh": null, "ma_cache_refresh": null, "ma_cache_strategy": null, "ma_source_data_att": null, "ma_source_map_key": null, "ma_source_relation": null, "ma_target_map_key": null, "multilang_field_name": "", "not_replicated": 0, "position": 250, "pq_type": null, "predefined_field_clsname": null, "predefined_field_name": null, "ranking_fac": "content", "regular_expression": null, "rest_visible": 1, "show_as_utc": null, "with_time": null}},
      {"PRIMARY_KEYS": {"classname": "change_request", "field_name": "fixed_by"}, "DATA": {"activity_enable_sys_posting": 0, "activity_posting_label": null, "cdb_classname": "cdbdd_predefined_field", "cdb_iso_language_code": "", "cdb_module_id": "tickets.plm", "cdb_object_id": "48caa3aa-4597-11ee-8a6c-982cbc4c9121", "data_length": null, "db_default": "", "db_not_null": 0, "description": "", "errmsg_regular_expression": null, "float_post_decimal": null, "gui_autodefined": 1, "helptext_cs": null, "helptext_de": "", "helptext_en": "", "helptext_es": null, "helptext_fr": null, "helptext_it": null, "helptext_ja": null, "helptext_ko": null, "helptext_pl": null, "helptext_pt": null, "helptext_tr": null, "helptext_zh": null, "is_mandatory": 0, "is_system": 0, "join_alias": null, "joined_classname": null, "joined_field_name": null, "label_cs": null, "label_de": "", "label_en": "Fixed by", "label_es": null, "label_fr": null, "label_it": null, "label_ja": null, "label_ko": null, "label_pl": null, "label_pt": null, "label_tr": null, "label_zh": null, "ma_cache_refresh": null, "ma_cache_strategy": null, "ma_source_data_att": null, "ma_source_map_key": null, "ma_source_relation": null, "ma_target_map_key": null, "multilang_field_name": "", "not_replicated": 0, "position": 180, "pq_type": null, "predefined_field_clsname": "cdb_person", "predefined_field_name": "personalnummer", "ranking_fac": "not indexed", "regular_expression": null, "rest_visible": 1, "show_as_utc": null, "with_time": null}},
      {"PRIMARY_KEYS": {"classname": "change_request", "field_name": "fixed_on"}, "DATA": {"activity_enable_sys_posting": 0, "activity_posting_label": "", "cdb_classname": "cdbdd_date_field", "cdb_iso_language_code": null, "cdb_module_id": "tickets.plm", "cdb_object_id": "409e0054-4596-11ee-8a6c-982cbc4c9121", "data_length": null, "db_default": "", "db_not_null": 0, "description": "", "errmsg_regular_expression": null, "float_post_decimal": null, "gui_autodefined": 1, "helptext_cs": null, "helptext_de": "", "helptext_en": "", "helptext_es": null, "helptext_fr": null, "helptext_it": null, "helptext_ja": null, "helptext_ko": null, "helptext_pl": null, "helptext_pt": null, "helptext_tr": null, "helptext_zh": null, "is_mandatory": 0, "is_system": 0, "join_alias": null, "joined_classname": null, "joined_field_name": null, "label_cs": null, "label_de": "", "label_en": "Fixed on", "label_es": null, "label_fr": null, "label_it": null, "label_ja": null, "label_ko": null, "label_pl": null, "label_pt": null, "label_tr": null, "label_zh": null, "ma_cache_refresh": null, "ma_cache_strategy": null, "ma_source_data_att": null, "ma_source_map_key": null, "ma_source_relation": null, "ma_target_map_key": null, "multilang_field_name": "", "not_replicated": 0, "position": 170, "pq_type": null, "predefined_field_clsname": null, "predefined_field_name": null, "ranking_fac": "not indexed", "regular_expression": null, "rest_visible": 1, "show_as_utc": null, "with_time": 0}},
      {"PRIMARY_KEYS": {"classname": "change_request", "field_name": "id"}, "DATA": {"activity_enable_sys_posting": 0, "activity_posting_label": "", "cdb_classname": "cdbdd_char_field", "cdb_iso_language_code": "", "cdb_module_id": "tickets.plm", "cdb_object_id": "55259106-4713-11ee-8a6c-982cbc4c9121", "data_length": 7, "db_default": "", "db_not_null": 1, "description": "", "errmsg_regular_expression": "", "float_post_decimal": null, "gui_autodefined": 1, "helptext_cs": null, "helptext_de": "", "helptext_en": "", "helptext_es": null, "helptext_fr": null, "helptext_it": null, "helptext_ja": null, "helptext_ko": null, "helptext_pl": null, "helptext_pt": null, "helptext_tr": null, "helptext_zh": null, "is_mandatory": 1, "is_system": 0, "join_alias": null, "joined_classname": null, "joined_field_name": null, "label_cs": null, "label_de": "ID", "label_en": "ID", "label_es": null, "label_fr": null, "label_it": null, "label_ja": null, "label_ko": null, "label_pl": null, "label_pt": null, "label_tr": null, "label_zh": null, "ma_cache_refresh": null, "ma_cache_strategy": null, "ma_source_data_att": null, "ma_source_map_key": null, "ma_source_relation": null, "ma_target_map_key": null, "multilang_field_name": "", "not_replicated": 0, "position": 240, "pq_type": null, "predefined_field_clsname": null, "predefined_field_name": null, "ranking_fac": "descriptive", "regular_expression": "[BFT]{1}[0-9]{6}|#$", "rest_visible": 1, "show_as_utc": null, "with_time": null}},
      {"PRIMARY_KEYS": {"classname": "change_request", "field_name": "mapped_customer_name"}, "DATA": {"activity_enable_sys_posting": null, "activity_posting_label": null, "cdb_classname": "cdbdd_predefined_field", "cdb_iso_language_code": "", "cdb_module_id": "tickets.plm", "cdb_object_id": "6c1217dc-4595-11ee-8a6c-982cbc4c9121", "data_length": null, "db_default": "", "db_not_null": 0, "description": "", "errmsg_regular_expression": null, "float_post_decimal": null, "gui_autodefined": 1, "helptext_cs": null, "helptext_de": "", "helptext_en": "", "helptext_es": null, "helptext_fr": null, "helptext_it": null, "helptext_ja": null, "helptext_ko": null, "helptext_pl": null, "helptext_pt": null, "helptext_tr": null, "helptext_zh": null, "is_mandatory": 0, "is_system": 0, "join_alias": null, "joined_classname": null, "joined_field_name": null, "label_cs": null, "label_de": "", "label_en": "Mapped Customer Name", "label_es": null, "label_fr": null, "label_it": null, "label_ja": null, "label_ko": null, "label_pl": null, "label_pt": null, "label_tr": null, "label_zh": null, "ma_cache_refresh": null, "ma_cache_strategy": null, "ma_source_data_att": null, "ma_source_map_key": null, "ma_source_relation": null, "ma_target_map_key": null, "multilang_field_name": "", "not_replicated": 0, "position": 140, "pq_type": null, "predefined_field_clsname": "cdb_organization", "predefined_field_name": "name", "ranking_fac": "not indexed", "regular_expression": null, "rest_visible": 1, "show_as_utc": null, "with_time": null}},
      {"PRIMARY_KEYS": {"classname": "change_request", "field_name": "mapped_resp_name"}, "DATA": {"activity_enable_sys_posting": null, "activity_posting_label": null, "cdb_classname": "cdbdd_mapped_field", "cdb_iso_language_code": "", "cdb_module_id": "tickets.plm", "cdb_object_id": "f6929402-458a-11ee-8a6c-982cbc4c9121", "data_length": null, "db_default": null, "db_not_null": null, "description": "", "errmsg_regular_expression": null, "float_post_decimal": null, "gui_autodefined": 1, "helptext_cs": null, "helptext_de": "", "helptext_en": "", "helptext_es": null, "helptext_fr": null, "helptext_it": null, "helptext_ja": null, "helptext_ko": null, "helptext_pl": null, "helptext_pt": null, "helptext_tr": null, "helptext_zh": null, "is_mandatory": null, "is_system": 0, "join_alias": null, "joined_classname": null, "joined_field_name": null, "label_cs": null, "label_de": "Mapped Responsible Name", "label_en": "Mapped Responsible Name", "label_es": null, "label_fr": null, "label_it": null, "label_ja": null, "label_ko": null, "label_pl": null, "label_pt": null, "label_tr": null, "label_zh": null, "ma_cache_refresh": 0, "ma_cache_strategy": 0, "ma_source_data_att": "name", "ma_source_map_key": "cdb_object_id", "ma_source_relation": "angestellter", "ma_target_map_key": "responsible", "multilang_field_name": "", "not_replicated": 0, "position": 80, "pq_type": null, "predefined_field_clsname": null, "predefined_field_name": null, "ranking_fac": "not indexed", "regular_expression": null, "rest_visible": 1, "show_as_utc": null, "with_time": null}},
      {"PRIMARY_KEYS": {"classname": "change_request", "field_name": "product_id"}, "DATA": {"activity_enable_sys_posting": null, "activity_posting_label": null, "cdb_classname": "cdbdd_predefined_field", "cdb_iso_language_code": "", "cdb_module_id": "tickets.plm", "cdb_object_id": "c3914301-4584-11ee-8a6c-982cbc4c9121", "data_length": null, "db_default": "", "db_not_null": 0, "description": "", "errmsg_regular_expression": null, "float_post_decimal": null, "gui_autodefined": 1, "helptext_cs": null, "helptext_de": "", "helptext_en": "", "helptext_es": null, "helptext_fr": null, "helptext_it": null, "helptext_ja": null, "helptext_ko": null, "helptext_pl": null, "helptext_pt": null, "helptext_tr": null, "helptext_zh": null, "is_mandatory": 0, "is_system": 0, "join_alias": null, "joined_classname": null, "joined_field_name": null, "label_cs": null, "label_de": "Produkt ID", "label_en": "Product ID", "label_es": null, "label_fr": null, "label_it": null, "label_ja": null, "label_ko": null, "label_pl": null, "label_pt": null, "label_tr": null, "label_zh": null, "ma_cache_refresh": null, "ma_cache_strategy": null, "ma_source_data_att": null, "ma_source_map_key": null, "ma_source_relation": null, "ma_target_map_key": null, "multilang_field_name": "", "not_replicated": 0, "position": 50, "pq_type": null, "predefined_field_clsname": "cdbvp_product", "predefined_field_name": "cdb_object_id", "ranking_fac": "not indexed", "regular_expression": null, "rest_visible": 1, "show_as_utc": null, "with_time": null}},
      {"PRIMARY_KEYS": {"classname": "change_request", "field_name": "product_name"}, "DATA": {"activity_enable_sys_posting": null, "activity_posting_label": null, "cdb_classname": "cdbdd_multilang_field_mapped", "cdb_iso_language_code": null, "cdb_module_id": "tickets.plm", "cdb_object_id": "10ed2b18-4588-11ee-8a6c-982cbc4c9121", "data_length": null, "db_default": null, "db_not_null": null, "description": "", "errmsg_regular_expression": null, "float_post_decimal": null, "gui_autodefined": 1, "helptext_cs": null, "helptext_de": "", "helptext_en": "", "helptext_es": null, "helptext_fr": null, "helptext_it": null, "helptext_ja": null, "helptext_ko": null, "helptext_pl": null, "helptext_pt": null, "helptext_tr": null, "helptext_zh": null, "is_mandatory": null, "is_system": 0, "join_alias": null, "joined_classname": null, "joined_field_name": null, "label_cs": null, "label_de": "Produktname", "label_en": "Product Name", "label_es": null, "label_fr": null, "label_it": null, "label_ja": null, "label_ko": null, "label_pl": null, "label_pt": null, "label_tr": null, "label_zh": null, "ma_cache_refresh": null, "ma_cache_strategy": null, "ma_source_data_att": null, "ma_source_map_key": "name_en", "ma_source_relation": "cdbvp_product", "ma_target_map_key": "product_id", "multilang_dlg_languages": "4431cab0-08ee-11e4-909a-78acc0a55b77", "multilang_field_name": "", "not_replicated": 0, "position": 60, "pq_type": null, "predefined_field_clsname": null, "predefined_field_name": null, "ranking_fac": "not indexed", "regular_expression": null, "rest_visible": 1, "show_as_utc": null, "with_time": null}},
      {"PRIMARY_KEYS": {"classname": "change_request", "field_name": "product_name_de"}, "DATA": {"activity_enable_sys_posting": null, "activity_posting_label": null, "cdb_classname": "cdbdd_mapped_field", "cdb_iso_language_code": "de", "cdb_module_id": "tickets.plm", "cdb_object_id": "1f97ce3e-eabf-11ee-8a8a-982cbc4c9121", "data_length": null, "db_default": null, "db_not_null": null, "description": "", "errmsg_regular_expression": null, "float_post_decimal": null, "gui_autodefined": 1, "helptext_cs": null, "helptext_de": "", "helptext_en": "", "helptext_es": null, "helptext_fr": null, "helptext_it": null, "helptext_ja": null, "helptext_ko": null, "helptext_pl": null, "helptext_pt": null, "helptext_tr": null, "helptext_zh": null, "is_mandatory": null, "is_system": 0, "join_alias": null, "joined_classname": null, "joined_field_name": null, "label_cs": null, "label_de": "", "label_en": "Product Name DE", "label_es": null, "label_fr": null, "label_it": null, "label_ja": null, "label_ko": null, "label_pl": null, "label_pt": null, "label_tr": null, "label_zh": null, "ma_cache_refresh": 0, "ma_cache_strategy": 0, "ma_source_data_att": "name_de", "ma_source_map_key": "cdb_object_id", "ma_source_relation": "cdbvp_product", "ma_target_map_key": "product_id", "multilang_field_name": "product_name", "not_replicated": 0, "position": 290, "pq_type": null, "predefined_field_clsname": null, "predefined_field_name": null, "ranking_fac": "not indexed", "regular_expression": null, "rest_visible": 1, "show_as_utc": null, "with_time": null}},
      {"PRIMARY_KEYS": {"classname": "change_request", "field_name": "product_name_en"}, "DATA": {"activity_enable_sys_posting": null, "activity_posting_label": null, "cdb_classname": "cdbdd_mapped_field", "cdb_iso_language_code": "en", "cdb_module_id": "tickets.plm", "cdb_object_id": "96ee9ed6-4bc9-11ee-8a6c-982cbc4c9121", "data_length": null, "db_default": null, "db_not_null": null, "description": "", "errmsg_regular_expression": null, "float_post_decimal": null, "gui_autodefined": 1, "helptext_cs": null, "helptext_de": "", "helptext_en": "", "helptext_es": null, "helptext_fr": null, "helptext_it": null, "helptext_ja": null, "helptext_ko": null, "helptext_pl": null, "helptext_pt": null, "helptext_tr": null, "helptext_zh": null, "is_mandatory": null, "is_system": 0, "join_alias": null, "joined_classname": null, "joined_field_name": null, "label_cs": null, "label_de": "Name des Produkts", "label_en": "Product Name", "label_es": null, "label_fr": null, "label_it": null, "label_ja": null, "label_ko": null, "label_pl": null, "label_pt": null, "label_tr": null, "label_zh": null, "ma_cache_refresh": 0, "ma_cache_strategy": 0, "ma_source_data_att": "name_en", "ma_source_map_key": "cdb_object_id", "ma_source_relation": "cdbvp_product", "ma_target_map_key": "product_id", "multilang_field_name": "product_name", "not_replicated": 0, "position": 270, "pq_type": null, "predefined_field_clsname": null, "predefined_field_name": null, "ranking_fac": "not indexed", "regular_expression": null, "rest_visible": 1, "show_as_utc": null, "with_time": null}},
      {"PRIMARY_KEYS": {"classname": "change_request", "field_name": "product_name_fr"}, "DATA": {"activity_enable_sys_posting": null, "activity_posting_label": null, "cdb_classname": "cdbdd_mapped_field", "cdb_iso_language_code": "fr", "cdb_module_id": "tickets.plm", "cdb_object_id": "2a77cae5-eabc-11ee-8a8a-982cbc4c9121", "data_length": null, "db_default": null, "db_not_null": null, "description": "", "errmsg_regular_expression": null, "float_post_decimal": null, "gui_autodefined": 1, "helptext_cs": null, "helptext_de": "", "helptext_en": "", "helptext_es": null, "helptext_fr": null, "helptext_it": null, "helptext_ja": null, "helptext_ko": null, "helptext_pl": null, "helptext_pt": null, "helptext_tr": null, "helptext_zh": null, "is_mandatory": null, "is_system": 0, "join_alias": null, "joined_classname": null, "joined_field_name": null, "label_cs": null, "label_de": "", "label_en": "Product Name FR", "label_es": null, "label_fr": null, "label_it": null, "label_ja": null, "label_ko": null, "label_pl": null, "label_pt": null, "label_tr": null, "label_zh": null, "ma_cache_refresh": 0, "ma_cache_strategy": 0, "ma_source_data_att": "name_fr", "ma_source_map_key": "cdb_object_id", "ma_source_relation": "cdbvp_product", "ma_target_map_key": "product_id", "multilang_field_name": "product_name", "not_replicated": 0, "position": 280, "pq_type": null, "predefined_field_clsname": null, "predefined_field_name": null, "ranking_fac": "not indexed", "regular_expression": null, "rest_visible": 1, "show_as_utc": null, "with_time": null}},
      {"PRIMARY_KEYS": {"classname": "change_request", "field_name": "ranking"}, "DATA": {"activity_enable_sys_posting": null, "activity_posting_label": null, "cdb_classname": "cdbdd_joined_field", "cdb_iso_language_code": "", "cdb_module_id": "tickets.plm", "cdb_object_id": "eb3fb7a4-f8b1-11ee-8a8d-982cbc4c9121", "data_length": null, "db_default": null, "db_not_null": null, "description": "", "errmsg_regular_expression": null, "float_post_decimal": null, "gui_autodefined": 1, "helptext_cs": null, "helptext_de": "", "helptext_en": "", "helptext_es": null, "helptext_fr": null, "helptext_it": null, "helptext_ja": null, "helptext_ko": null, "helptext_pl": null, "helptext_pt": null, "helptext_tr": null, "helptext_zh": null, "is_mandatory": null, "is_system": 0, "join_alias": "Severity", "joined_classname": "Severity", "joined_field_name": "ranking", "label_cs": null, "label_de": "Schweregrad", "label_en": "Severity ranking", "label_es": null, "label_fr": null, "label_it": null, "label_ja": null, "label_ko": null, "label_pl": null, "label_pt": null, "label_tr": null, "label_zh": null, "ma_cache_refresh": null, "ma_cache_strategy": null, "ma_source_data_att": null, "ma_source_map_key": null, "ma_source_relation": null, "ma_target_map_key": null, "multilang_field_name": "", "not_replicated": 0, "position": 320, "pq_type": null, "predefined_field_clsname": null, "predefined_field_name": null, "ranking_fac": "not indexed", "regular_expression": null, "rest_visible": 1, "show_as_utc": null, "with_time": null}},
      {"PRIMARY_KEYS": {"classname": "change_request", "field_name": "reported_by"}, "DATA": {"activity_enable_sys_posting": 0, "activity_posting_label": "", "cdb_classname": "cdbdd_char_field", "cdb_iso_language_code": "", "cdb_module_id": "tickets.plm", "cdb_object_id": "ff5f8b7c-4592-11ee-8a6c-982cbc4c9121", "data_length": 90, "db_default": "", "db_not_null": 0, "description": "", "errmsg_regular_expression": "", "float_post_decimal": null, "gui_autodefined": 1, "helptext_cs": null, "helptext_de": "", "helptext_en": "", "helptext_es": null, "helptext_fr": null, "helptext_it": null, "helptext_ja": null, "helptext_ko": null, "helptext_pl": null, "helptext_pt": null, "helptext_tr": null, "helptext_zh": null, "is_mandatory": 1, "is_system": 0, "join_alias": null, "joined_classname": null, "joined_field_name": null, "label_cs": null, "label_de": "", "label_en": "Reported by", "label_es": null, "label_fr": null, "label_it": null, "label_ja": null, "label_ko": null, "label_pl": null, "label_pt": null, "label_tr": null, "label_zh": null, "ma_cache_refresh": null, "ma_cache_strategy": null, "ma_source_data_att": null, "ma_source_map_key": null, "ma_source_relation": null, "ma_target_map_key": null, "multilang_field_name": "", "not_replicated": 0, "position": 110, "pq_type": null, "predefined_field_clsname": null, "predefined_field_name": null, "ranking_fac": "descriptive", "regular_expression": "", "rest_visible": 1, "show_as_utc": null, "with_time": null}},
      {"PRIMARY_KEYS": {"classname": "change_request", "field_name": "reported_on"}, "DATA": {"activity_enable_sys_posting": 0, "activity_posting_label": "", "cdb_classname": "cdbdd_date_field", "cdb_iso_language_code": null, "cdb_module_id": "tickets.plm", "cdb_object_id": "813c361e-4593-11ee-8a6c-982cbc4c9121", "data_length": null, "db_default": "'$date'", "db_not_null": 0, "description": "", "errmsg_regular_expression": null, "float_post_decimal": null, "gui_autodefined": 1, "helptext_cs": null, "helptext_de": "", "helptext_en": "", "helptext_es": null, "helptext_fr": null, "helptext_it": null, "helptext_ja": null, "helptext_ko": null, "helptext_pl": null, "helptext_pt": null, "helptext_tr": null, "helptext_zh": null, "is_mandatory": 0, "is_system": 0, "join_alias": null, "joined_classname": null, "joined_field_name": null, "label_cs": null, "label_de": "", "label_en": "Reported on", "label_es": null, "label_fr": null, "label_it": null, "label_ja": null, "label_ko": null, "label_pl": null, "label_pt": null, "label_tr": null, "label_zh": null, "ma_cache_refresh": null, "ma_cache_strategy": null, "ma_source_data_att": null, "ma_source_map_key": null, "ma_source_relation": null, "ma_target_map_key": null, "multilang_field_name": "", "not_replicated": 0, "position": 120, "pq_type": null, "predefined_field_clsname": null, "predefined_field_name": null, "ranking_fac": "not indexed", "regular_expression": null, "rest_visible": 1, "show_as_utc": null, "with_time": 0}},
      {"PRIMARY_KEYS": {"classname": "change_request", "field_name": "responsible"}, "DATA": {"activity_enable_sys_posting": null, "activity_posting_label": null, "cdb_classname": "cdbdd_predefined_field", "cdb_iso_language_code": "", "cdb_module_id": "tickets.plm", "cdb_object_id": "5961b01d-4588-11ee-8a6c-982cbc4c9121", "data_length": null, "db_default": "", "db_not_null": 0, "description": "", "errmsg_regular_expression": null, "float_post_decimal": null, "gui_autodefined": 1, "helptext_cs": null, "helptext_de": "", "helptext_en": "", "helptext_es": null, "helptext_fr": null, "helptext_it": null, "helptext_ja": null, "helptext_ko": null, "helptext_pl": null, "helptext_pt": null, "helptext_tr": null, "helptext_zh": null, "is_mandatory": 1, "is_system": 0, "join_alias": null, "joined_classname": null, "joined_field_name": null, "label_cs": null, "label_de": "Verantwortlich", "label_en": "Responsible", "label_es": null, "label_fr": null, "label_it": null, "label_ja": null, "label_ko": null, "label_pl": null, "label_pt": null, "label_tr": null, "label_zh": null, "ma_cache_refresh": null, "ma_cache_strategy": null, "ma_source_data_att": null, "ma_source_map_key": null, "ma_source_relation": null, "ma_target_map_key": null, "multilang_field_name": "", "not_replicated": 0, "position": 70, "pq_type": null, "predefined_field_clsname": "cdb_person", "predefined_field_name": "personalnummer", "ranking_fac": "not indexed", "regular_expression": null, "rest_visible": 1, "show_as_utc": null, "with_time": null}},
      {"PRIMARY_KEYS": {"classname": "change_request", "field_name": "severity"}, "DATA": {"activity_enable_sys_posting": null, "activity_posting_label": null, "cdb_classname": "cdbdd_predefined_field", "cdb_iso_language_code": "", "cdb_module_id": "tickets.plm", "cdb_object_id": "560b6187-fb29-11ee-8a8d-982cbc4c9121", "data_length": null, "db_default": "", "db_not_null": 0, "description": "", "errmsg_regular_expression": null, "float_post_decimal": null, "gui_autodefined": 1, "helptext_cs": null, "helptext_de": "", "helptext_en": "", "helptext_es": null, "helptext_fr": null, "helptext_it": null, "helptext_ja": null, "helptext_ko": null, "helptext_pl": null, "helptext_pt": null, "helptext_tr": null, "helptext_zh": null, "is_mandatory": 0, "is_system": 0, "join_alias": null, "joined_classname": null, "joined_field_name": null, "label_cs": null, "label_de": "Schweregrad", "label_en": "Severity", "label_es": null, "label_fr": null, "label_it": null, "label_ja": null, "label_ko": null, "label_pl": null, "label_pt": null, "label_tr": null, "label_zh": null, "ma_cache_refresh": null, "ma_cache_strategy": null, "ma_source_data_att": null, "ma_source_map_key": null, "ma_source_relation": null, "ma_target_map_key": null, "multilang_field_name": "", "not_replicated": 0, "position": 330, "pq_type": null, "predefined_field_clsname": "Severity", "predefined_field_name": "severity_name", "ranking_fac": "not indexed", "regular_expression": null, "rest_visible": 1, "show_as_utc": null, "with_time": null}},
      {"PRIMARY_KEYS": {"classname": "change_request", "field_name": "severity_name"}, "DATA": {"activity_enable_sys_posting": null, "activity_posting_label": null, "cdb_classname": "cdbdd_joined_field", "cdb_iso_language_code": "", "cdb_module_id": "tickets.plm", "cdb_object_id": "ba8a9cdf-f8b1-11ee-8a8d-982cbc4c9121", "data_length": null, "db_default": null, "db_not_null": null, "description": "", "errmsg_regular_expression": null, "float_post_decimal": null, "gui_autodefined": 1, "helptext_cs": null, "helptext_de": "", "helptext_en": "", "helptext_es": null, "helptext_fr": null, "helptext_it": null, "helptext_ja": null, "helptext_ko": null, "helptext_pl": null, "helptext_pt": null, "helptext_tr": null, "helptext_zh": null, "is_mandatory": null, "is_system": 0, "join_alias": "Severity", "joined_classname": "Severity", "joined_field_name": "severity_name", "label_cs": null, "label_de": "Schweregrad", "label_en": "Severity", "label_es": null, "label_fr": null, "label_it": null, "label_ja": null, "label_ko": null, "label_pl": null, "label_pt": null, "label_tr": null, "label_zh": null, "ma_cache_refresh": null, "ma_cache_strategy": null, "ma_source_data_att": null, "ma_source_map_key": null, "ma_source_relation": null, "ma_target_map_key": null, "multilang_field_name": "", "not_replicated": 0, "position": 310, "pq_type": null, "predefined_field_clsname": null, "predefined_field_name": null, "ranking_fac": "not indexed", "regular_expression": null, "rest_visible": 1, "show_as_utc": null, "with_time": null}},
      {"PRIMARY_KEYS": {"classname": "change_request", "field_name": "severity_ranking"}, "DATA": {"activity_enable_sys_posting": null, "activity_posting_label": null, "cdb_classname": "cdbdd_predefined_field", "cdb_iso_language_code": "", "cdb_module_id": "tickets.plm", "cdb_object_id": "7a32bcd0-fb29-11ee-8a8d-982cbc4c9121", "data_length": null, "db_default": "", "db_not_null": 0, "description": "", "errmsg_regular_expression": null, "float_post_decimal": null, "gui_autodefined": 1, "helptext_cs": null, "helptext_de": "", "helptext_en": "", "helptext_es": null, "helptext_fr": null, "helptext_it": null, "helptext_ja": null, "helptext_ko": null, "helptext_pl": null, "helptext_pt": null, "helptext_tr": null, "helptext_zh": null, "is_mandatory": 0, "is_system": 0, "join_alias": null, "joined_classname": null, "joined_field_name": null, "label_cs": null, "label_de": "Schweregrad", "label_en": "Severity ranking", "label_es": null, "label_fr": null, "label_it": null, "label_ja": null, "label_ko": null, "label_pl": null, "label_pt": null, "label_tr": null, "label_zh": null, "ma_cache_refresh": null, "ma_cache_strategy": null, "ma_source_data_att": null, "ma_source_map_key": null, "ma_source_relation": null, "ma_target_map_key": null, "multilang_field_name": "", "not_replicated": 0, "position": 340, "pq_type": null, "predefined_field_clsname": "Severity", "predefined_field_name": "ranking", "ranking_fac": "not indexed", "regular_expression": null, "rest_visible": 1, "show_as_utc": null, "with_time": null}},
      {"PRIMARY_KEYS": {"classname": "change_request", "field_name": "solution4_txt"}, "DATA": {"activity_enable_sys_posting": null, "activity_posting_label": null, "cdb_classname": "cdbdd_text_field", "cdb_iso_language_code": null, "cdb_module_id": "tickets.plm", "cdb_object_id": "21eb9790-48aa-11ee-8a6c-982cbc4c9121", "content_type": "PlainText", "data_length": null, "db_default": null, "db_not_null": null, "description": "Solution", "errmsg_regular_expression": null, "float_post_decimal": null, "gui_autodefined": 1, "helptext_cs": null, "helptext_de": "", "helptext_en": "", "helptext_es": null, "helptext_fr": null, "helptext_it": null, "helptext_ja": null, "helptext_ko": null, "helptext_pl": null, "helptext_pt": null, "helptext_tr": null, "helptext_zh": null, "is_mandatory": null, "is_system": 0, "join_alias": null, "joined_classname": null, "joined_field_name": null, "label_cs": null, "label_de": "L\u00f6sung", "label_en": "Solution", "label_es": null, "label_fr": null, "label_it": null, "label_ja": null, "label_ko": null, "label_pl": null, "label_pt": null, "label_tr": null, "label_zh": null, "ma_cache_refresh": null, "ma_cache_strategy": null, "ma_source_data_att": null, "ma_source_map_key": null, "ma_source_relation": null, "ma_target_map_key": null, "multilang_field_name": "", "not_replicated": 0, "position": 260, "pq_type": null, "predefined_field_clsname": null, "predefined_field_name": null, "ranking_fac": "content", "regular_expression": null, "rest_visible": 1, "show_as_utc": null, "with_time": null}},
      {"PRIMARY_KEYS": {"classname": "change_request", "field_name": "status"}, "DATA": {"activity_enable_sys_posting": 0, "activity_posting_label": null, "cdb_classname": "cdbdd_predefined_field", "cdb_iso_language_code": "", "cdb_module_id": "tickets.plm", "cdb_object_id": "ac4a67cd-4595-11ee-8a6c-982cbc4c9121", "data_length": null, "db_default": "", "db_not_null": 0, "description": "", "errmsg_regular_expression": null, "float_post_decimal": null, "gui_autodefined": 1, "helptext_cs": null, "helptext_de": "", "helptext_en": "", "helptext_es": null, "helptext_fr": null, "helptext_it": null, "helptext_ja": null, "helptext_ko": null, "helptext_pl": null, "helptext_pt": null, "helptext_tr": null, "helptext_zh": null, "is_mandatory": 0, "is_system": 0, "join_alias": null, "joined_classname": null, "joined_field_name": null, "label_cs": null, "label_de": "", "label_en": "Status", "label_es": null, "label_fr": null, "label_it": null, "label_ja": null, "label_ko": null, "label_pl": null, "label_pt": null, "label_tr": null, "label_zh": null, "ma_cache_refresh": null, "ma_cache_strategy": null, "ma_source_data_att": null, "ma_source_map_key": null, "ma_source_relation": null, "ma_target_map_key": null, "multilang_field_name": "", "not_replicated": 0, "position": 150, "pq_type": null, "predefined_field_clsname": "", "predefined_field_name": "status", "ranking_fac": "not indexed", "regular_expression": null, "rest_visible": 1, "show_as_utc": null, "with_time": null}},
      {"PRIMARY_KEYS": {"classname": "change_request", "field_name": "title"}, "DATA": {"activity_enable_sys_posting": 0, "activity_posting_label": "", "cdb_classname": "cdbdd_char_field", "cdb_iso_language_code": "", "cdb_module_id": "tickets.plm", "cdb_object_id": "34d4b328-4584-11ee-8a6c-982cbc4c9121", "data_length": 80, "db_default": "", "db_not_null": 0, "description": "", "errmsg_regular_expression": "", "float_post_decimal": null, "gui_autodefined": 1, "helptext_cs": null, "helptext_de": "", "helptext_en": "", "helptext_es": null, "helptext_fr": null, "helptext_it": null, "helptext_ja": null, "helptext_ko": null, "helptext_pl": null, "helptext_pt": null, "helptext_tr": null, "helptext_zh": null, "is_mandatory": 1, "is_system": 0, "join_alias": null, "joined_classname": null, "joined_field_name": null, "label_cs": null, "label_de": "Titel", "label_en": "Title", "label_es": null, "label_fr": null, "label_it": null, "label_ja": null, "label_ko": null, "label_pl": null, "label_pt": null, "label_tr": null, "label_zh": null, "ma_cache_refresh": null, "ma_cache_strategy": null, "ma_source_data_att": null, "ma_source_map_key": null, "ma_source_relation": null, "ma_target_map_key": null, "multilang_field_name": "", "not_replicated": 0, "position": 40, "pq_type": null, "predefined_field_clsname": null, "predefined_field_name": null, "ranking_fac": "descriptive", "regular_expression": "", "rest_visible": 1, "show_as_utc": null, "with_time": null}},
      {"PRIMARY_KEYS": {"classname": "classification_types", "field_name": "cdb_object_id"}, "DATA": {"activity_enable_sys_posting": null, "activity_posting_label": null, "cdb_classname": "cdbdd_predefined_field", "cdb_iso_language_code": null, "cdb_module_id": "tickets.plm", "cdb_object_id": "abc92743-7316-11ee-8a75-982cbc4c9121", "data_length": null, "db_default": "", "db_not_null": 0, "description": null, "errmsg_regular_expression": null, "float_post_decimal": null, "gui_autodefined": 0, "helptext_cs": null, "helptext_de": null, "helptext_en": null, "helptext_es": null, "helptext_fr": null, "helptext_it": null, "helptext_ja": null, "helptext_ko": null, "helptext_pl": null, "helptext_pt": null, "helptext_tr": null, "helptext_zh": null, "is_mandatory": 0, "is_system": 0, "join_alias": null, "joined_classname": null, "joined_field_name": null, "label_cs": null, "label_de": null, "label_en": null, "label_es": null, "label_fr": null, "label_it": null, "label_ja": null, "label_ko": null, "label_pl": null, "label_pt": null, "label_tr": null, "label_zh": null, "ma_cache_refresh": null, "ma_cache_strategy": null, "ma_source_data_att": null, "ma_source_map_key": null, "ma_source_relation": null, "ma_target_map_key": null, "multilang_field_name": "", "not_replicated": 0, "position": 10, "pq_type": null, "predefined_field_clsname": "", "predefined_field_name": "cdb_object_id", "ranking_fac": "not indexed", "regular_expression": null, "rest_visible": 1, "show_as_utc": null, "with_time": null}},
      {"PRIMARY_KEYS": {"classname": "classification_types", "field_name": "classification_name"}, "DATA": {"activity_enable_sys_posting": 0, "activity_posting_label": "", "cdb_classname": "cdbdd_char_field", "cdb_iso_language_code": "", "cdb_module_id": "tickets.plm", "cdb_object_id": "d995d90e-7316-11ee-8a75-982cbc4c9121", "data_length": 20, "db_default": "", "db_not_null": 0, "description": "", "errmsg_regular_expression": "", "float_post_decimal": null, "gui_autodefined": 1, "helptext_cs": null, "helptext_de": "", "helptext_en": "", "helptext_es": null, "helptext_fr": null, "helptext_it": null, "helptext_ja": null, "helptext_ko": null, "helptext_pl": null, "helptext_pt": null, "helptext_tr": null, "helptext_zh": null, "is_mandatory": 1, "is_system": 0, "join_alias": null, "joined_classname": null, "joined_field_name": null, "label_cs": null, "label_de": "classification_name", "label_en": "classification_name", "label_es": null, "label_fr": null, "label_it": null, "label_ja": null, "label_ko": null, "label_pl": null, "label_pt": null, "label_tr": null, "label_zh": null, "ma_cache_refresh": null, "ma_cache_strategy": null, "ma_source_data_att": null, "ma_source_map_key": null, "ma_source_relation": null, "ma_target_map_key": null, "multilang_field_name": "", "not_replicated": 0, "position": 20, "pq_type": null, "predefined_field_clsname": null, "predefined_field_name": null, "ranking_fac": "descriptive", "regular_expression": "", "rest_visible": 1, "show_as_utc": null, "with_time": null}},
      {"PRIMARY_KEYS": {"classname": "cr_doc_rel", "field_name": "cdb_object_id"}, "DATA": {"activity_enable_sys_posting": null, "activity_posting_label": null, "cdb_classname": "cdbdd_predefined_field", "cdb_iso_language_code": null, "cdb_module_id": "tickets.plm", "cdb_object_id": "752099a5-eac5-11ee-8a8a-982cbc4c9121", "data_length": null, "db_default": "", "db_not_null": 0, "description": null, "errmsg_regular_expression": null, "float_post_decimal": null, "gui_autodefined": 0, "helptext_cs": null, "helptext_de": null, "helptext_en": null, "helptext_es": null, "helptext_fr": null, "helptext_it": null, "helptext_ja": null, "helptext_ko": null, "helptext_pl": null, "helptext_pt": null, "helptext_tr": null, "helptext_zh": null, "is_mandatory": 0, "is_system": 0, "join_alias": null, "joined_classname": null, "joined_field_name": null, "label_cs": null, "label_de": null, "label_en": null, "label_es": null, "label_fr": null, "label_it": null, "label_ja": null, "label_ko": null, "label_pl": null, "label_pt": null, "label_tr": null, "label_zh": null, "ma_cache_refresh": null, "ma_cache_strategy": null, "ma_source_data_att": null, "ma_source_map_key": null, "ma_source_relation": null, "ma_target_map_key": null, "multilang_field_name": "", "not_replicated": 0, "position": 10, "pq_type": null, "predefined_field_clsname": "", "predefined_field_name": "cdb_object_id", "ranking_fac": "not indexed", "regular_expression": null, "rest_visible": 1, "show_as_utc": null, "with_time": null}},
      {"PRIMARY_KEYS": {"classname": "cr_doc_rel", "field_name": "z_index"}, "DATA": {"activity_enable_sys_posting": 0, "activity_posting_label": "", "cdb_classname": "cdbdd_char_field", "cdb_iso_language_code": "", "cdb_module_id": "tickets.plm", "cdb_object_id": "b1482bae-eac5-11ee-8a8a-982cbc4c9121", "data_length": 20, "db_default": "", "db_not_null": 0, "description": "", "errmsg_regular_expression": "", "float_post_decimal": null, "gui_autodefined": 0, "helptext_cs": null, "helptext_de": "", "helptext_en": "", "helptext_es": null, "helptext_fr": null, "helptext_it": null, "helptext_ja": null, "helptext_ko": null, "helptext_pl": null, "helptext_pt": null, "helptext_tr": null, "helptext_zh": null, "is_mandatory": 0, "is_system": 0, "join_alias": null, "joined_classname": null, "joined_field_name": null, "label_cs": null, "label_de": "z_index", "label_en": "z_index", "label_es": null, "label_fr": null, "label_it": null, "label_ja": null, "label_ko": null, "label_pl": null, "label_pt": null, "label_tr": null, "label_zh": null, "ma_cache_refresh": null, "ma_cache_strategy": null, "ma_source_data_att": null, "ma_source_map_key": null, "ma_source_relation": null, "ma_target_map_key": null, "multilang_field_name": "", "not_replicated": 0, "position": 30, "pq_type": null, "predefined_field_clsname": null, "predefined_field_name": null, "ranking_fac": "descriptive", "regular_expression": "", "rest_visible": 1, "show_as_utc": null, "with_time": null}},
      {"PRIMARY_KEYS": {"classname": "cr_doc_rel", "field_name": "z_nummer"}, "DATA": {"activity_enable_sys_posting": 0, "activity_posting_label": "", "cdb_classname": "cdbdd_char_field", "cdb_iso_language_code": "", "cdb_module_id": "tickets.plm", "cdb_object_id": "a2fa5ea0-eac5-11ee-8a8a-982cbc4c9121", "data_length": 20, "db_default": "", "db_not_null": 0, "description": "", "errmsg_regular_expression": "", "float_post_decimal": null, "gui_autodefined": 0, "helptext_cs": null, "helptext_de": "", "helptext_en": "", "helptext_es": null, "helptext_fr": null, "helptext_it": null, "helptext_ja": null, "helptext_ko": null, "helptext_pl": null, "helptext_pt": null, "helptext_tr": null, "helptext_zh": null, "is_mandatory": 0, "is_system": 0, "join_alias": null, "joined_classname": null, "joined_field_name": null, "label_cs": null, "label_de": "z_nummer", "label_en": "z_nummer", "label_es": null, "label_fr": null, "label_it": null, "label_ja": null, "label_ko": null, "label_pl": null, "label_pt": null, "label_tr": null, "label_zh": null, "ma_cache_refresh": null, "ma_cache_strategy": null, "ma_source_data_att": null, "ma_source_map_key": null, "ma_source_relation": null, "ma_target_map_key": null, "multilang_field_name": "", "not_replicated": 0, "position": 20, "pq_type": null, "predefined_field_clsname": null, "predefined_field_name": null, "ranking_fac": "descriptive", "regular_expression": "", "rest_visible": 1, "show_as_utc": null, "with_time": null}},
      {"PRIMARY_KEYS": {"classname": "feature", "field_name": "benefit_txt"}, "DATA": {"activity_enable_sys_posting": null, "activity_posting_label": null, "cdb_classname": "cdbdd_text_field", "cdb_iso_language_code": null, "cdb_module_id": "tickets.plm", "cdb_object_id": "8a69a348-4740-11ee-8a6c-982cbc4c9121", "content_type": "PlainText", "data_length": null, "db_default": null, "db_not_null": null, "description": "Describe the benefit of adding this feature.", "errmsg_regular_expression": null, "float_post_decimal": null, "gui_autodefined": 1, "helptext_cs": null, "helptext_de": "", "helptext_en": "", "helptext_es": null, "helptext_fr": null, "helptext_it": null, "helptext_ja": null, "helptext_ko": null, "helptext_pl": null, "helptext_pt": null, "helptext_tr": null, "helptext_zh": null, "is_mandatory": null, "is_system": 0, "join_alias": null, "joined_classname": null, "joined_field_name": null, "label_cs": null, "label_de": "Nutzen Sie", "label_en": "Benefit", "label_es": null, "label_fr": null, "label_it": null, "label_ja": null, "label_ko": null, "label_pl": null, "label_pt": null, "label_tr": null, "label_zh": null, "ma_cache_refresh": null, "ma_cache_strategy": null, "ma_source_data_att": null, "ma_source_map_key": null, "ma_source_relation": null, "ma_target_map_key": null, "multilang_field_name": "", "not_replicated": 0, "position": 10, "pq_type": null, "predefined_field_clsname": null, "predefined_field_name": null, "ranking_fac": "content", "regular_expression": null, "rest_visible": 1, "show_as_utc": null, "with_time": null}},
      {"PRIMARY_KEYS": {"classname": "feature", "field_name": "feature_project_id"}, "DATA": {"activity_enable_sys_posting": null, "activity_posting_label": null, "cdb_classname": "cdbdd_predefined_field", "cdb_iso_language_code": "", "cdb_module_id": "tickets.plm", "cdb_object_id": "120939cf-4741-11ee-8a6c-982cbc4c9121", "data_length": null, "db_default": "", "db_not_null": 0, "description": "", "errmsg_regular_expression": null, "float_post_decimal": null, "gui_autodefined": 1, "helptext_cs": null, "helptext_de": "", "helptext_en": "", "helptext_es": null, "helptext_fr": null, "helptext_it": null, "helptext_ja": null, "helptext_ko": null, "helptext_pl": null, "helptext_pt": null, "helptext_tr": null, "helptext_zh": null, "is_mandatory": 0, "is_system": 0, "join_alias": null, "joined_classname": null, "joined_field_name": null, "label_cs": null, "label_de": "Funktion Projeckt ID", "label_en": "Feature Project ID", "label_es": null, "label_fr": null, "label_it": null, "label_ja": null, "label_ko": null, "label_pl": null, "label_pt": null, "label_tr": null, "label_zh": null, "ma_cache_refresh": null, "ma_cache_strategy": null, "ma_source_data_att": null, "ma_source_map_key": null, "ma_source_relation": null, "ma_target_map_key": null, "multilang_field_name": "", "not_replicated": 0, "position": 20, "pq_type": null, "predefined_field_clsname": "cdbpcs_project", "predefined_field_name": "cdb_project_id", "ranking_fac": "not indexed", "regular_expression": null, "rest_visible": 1, "show_as_utc": null, "with_time": null}},
      {"PRIMARY_KEYS": {"classname": "technical_debt", "field_name": "documentation_remark_txt"}, "DATA": {"activity_enable_sys_posting": null, "activity_posting_label": null, "cdb_classname": "cdbdd_text_field", "cdb_iso_language_code": null, "cdb_module_id": "tickets.plm", "cdb_object_id": "4224ac45-4742-11ee-8a6c-982cbc4c9121", "content_type": "PlainText", "data_length": null, "db_default": null, "db_not_null": null, "description": "A documentation comes with your software. Thus after solving a TD the documentation needs to be updated as well", "errmsg_regular_expression": null, "float_post_decimal": null, "gui_autodefined": 1, "helptext_cs": null, "helptext_de": "", "helptext_en": "", "helptext_es": null, "helptext_fr": null, "helptext_it": null, "helptext_ja": null, "helptext_ko": null, "helptext_pl": null, "helptext_pt": null, "helptext_tr": null, "helptext_zh": null, "is_mandatory": null, "is_system": 0, "join_alias": null, "joined_classname": null, "joined_field_name": null, "label_cs": null, "label_de": "Dokumentation", "label_en": "Documentation", "label_es": null, "label_fr": null, "label_it": null, "label_ja": null, "label_ko": null, "label_pl": null, "label_pt": null, "label_tr": null, "label_zh": null, "ma_cache_refresh": null, "ma_cache_strategy": null, "ma_source_data_att": null, "ma_source_map_key": null, "ma_source_relation": null, "ma_target_map_key": null, "multilang_field_name": "", "not_replicated": 0, "position": 10, "pq_type": null, "predefined_field_clsname": null, "predefined_field_name": null, "ranking_fac": "content", "regular_expression": null, "rest_visible": 1, "show_as_utc": null, "with_time": null}}
    ],
    "CONTENT_DOMAIN": "",
    "UPDATE_POLICY": "ALWAYS UPDATED"
  }
}