{
  "cdbdd_cfield": {
    "CONTENT": [
      {"PRIMARY_KEYS": {"constraint_oid": "6999a16b-458c-11ee-8a6c-982cbc4c9121", "field_classname": "Severity", "field_name": "cdb_object_id"}, "DATA": {"cdb_module_id": "tickets.plm", "classname": "Severity", "position": 10}},
      {"PRIMARY_KEYS": {"constraint_oid": "752099a6-eac5-11ee-8a8a-982cbc4c9121", "field_classname": "cr_doc_rel", "field_name": "cdb_object_id"}, "DATA": {"cdb_module_id": "tickets.plm", "classname": "cr_doc_rel", "position": 10}},
      {"PRIMARY_KEYS": {"constraint_oid": "752099a6-eac5-11ee-8a8a-982cbc4c9121", "field_classname": "cr_doc_rel", "field_name": "z_index"}, "DATA": {"cdb_module_id": "tickets.plm", "classname": "cr_doc_rel", "position": 30}},
      {"PRIMARY_KEYS": {"constraint_oid": "752099a6-eac5-11ee-8a8a-982cbc4c9121", "field_classname": "cr_doc_rel", "field_name": "z_nummer"}, "DATA": {"cdb_module_id": "tickets.plm", "classname": "cr_doc_rel", "position": 20}},
      {"PRIMARY_KEYS": {"constraint_oid": "7f6536ca-457b-11ee-8a6c-982cbc4c9121", "field_classname": "change_request", "field_name": "cdb_object_id"}, "DATA": {"cdb_module_id": "tickets.plm", "classname": "change_request", "position": 10}},
      {"PRIMARY_KEYS": {"constraint_oid": "abc92749-7316-11ee-8a75-982cbc4c9121", "field_classname": "classification_types", "field_name": "cdb_object_id"}, "DATA": {"cdb_module_id": "tickets.plm", "classname": "classification_types", "position": 10}}
    ],
    "CONTENT_DOMAIN": "",
    "UPDATE_POLICY": "ALWAYS UPDATED"
  }
}