{
  "cdbdd_constraint": {
    "CONTENT": [
      {"PRIMARY_KEYS": {"cdb_object_id": "6999a16b-458c-11ee-8a6c-982cbc4c9121"}, "DATA": {"cdb_classname": "cdbdd_primary_key", "cdb_module_id": "tickets.plm", "classname": "Severity", "description": null, "exclude_empty_values": null, "fields_info": "cdb_object_id"}},
      {"PRIMARY_KEYS": {"cdb_object_id": "752099a6-eac5-11ee-8a8a-982cbc4c9121"}, "DATA": {"cdb_classname": "cdbdd_primary_key", "cdb_module_id": "tickets.plm", "classname": "cr_doc_rel", "description": null, "exclude_empty_values": null, "fields_info": "cdb_object_id, z_nummer, z_index"}},
      {"PRIMARY_KEYS": {"cdb_object_id": "7f6536ca-457b-11ee-8a6c-982cbc4c9121"}, "DATA": {"cdb_classname": "cdbdd_primary_key", "cdb_module_id": "tickets.plm", "classname": "change_request", "description": null, "exclude_empty_values": null, "fields_info": "cdb_object_id"}},
      {"PRIMARY_KEYS": {"cdb_object_id": "abc92749-7316-11ee-8a75-982cbc4c9121"}, "DATA": {"cdb_classname": "cdbdd_primary_key", "cdb_module_id": "tickets.plm", "classname": "classification_types", "description": null, "exclude_empty_values": null, "fields_info": "cdb_object_id"}}
    ],
    "CONTENT_DOMAIN": "",
    "UPDATE_POLICY": "ALWAYS UPDATED"
  }
}