{
  "cdbdd_table": {
    "CONTENT": [
      {"PRIMARY_KEYS": {"table_name": "bug_v"}, "DATA": {"addtl_1": null, "addtl_5": null, "addtl_6": null, "cdb_classname": "cdbdd_class_view", "cdb_module_id": "tickets.plm", "primary_table": "change_request"}},
      {"PRIMARY_KEYS": {"table_name": "change_request"}, "DATA": {"cdb_classname": "cdbdd_table", "cdb_module_id": "tickets.plm"}},
      {"PRIMARY_KEYS": {"table_name": "change_request_v"}, "DATA": {"addtl_1": null, "addtl_5": null, "addtl_6": null, "cdb_classname": "cdbdd_class_view", "cdb_module_id": "tickets.plm", "primary_table": "change_request"}},
      {"PRIMARY_KEYS": {"table_name": "classification_types"}, "DATA": {"cdb_classname": "cdbdd_table", "cdb_module_id": "tickets.plm"}},
      {"PRIMARY_KEYS": {"table_name": "cr_doc_rel"}, "DATA": {"cdb_classname": "cdbdd_table", "cdb_module_id": "tickets.plm"}},
      {"PRIMARY_KEYS": {"table_name": "feature_v"}, "DATA": {"addtl_1": null, "addtl_5": null, "addtl_6": null, "cdb_classname": "cdbdd_class_view", "cdb_module_id": "tickets.plm", "primary_table": "change_request"}},
      {"PRIMARY_KEYS": {"table_name": "severity"}, "DATA": {"cdb_classname": "cdbdd_table", "cdb_module_id": "tickets.plm"}}
    ],
    "CONTENT_DOMAIN": "",
    "UPDATE_POLICY": "ALWAYS UPDATED"
  }
}