{
  "csweb_primary_nav": {
    "CONTENT": [
      {"PRIMARY_KEYS": {"cdb_object_id": "0b42f0bd-4c96-11ee-8a6c-982cbc4c9121"}, "DATA": {"app_link": "/info/changerequest", "ausgabe_label": "change_request_label", "cdb_icon_id": "cs_tasks_tag", "cdb_module_id": "tickets.plm", "conf_link": "", "nav_section": "body", "pos": 200, "tooltip": ""}},
      {"PRIMARY_KEYS": {"cdb_object_id": "af0018de-731a-11ee-8a75-982cbc4c9121"}, "DATA": {"app_link": "/info/classificationtypes", "ausgabe_label": "classification_types", "cdb_icon_id": "CAD Variant", "cdb_module_id": "tickets.plm", "conf_link": "", "nav_section": "body", "pos": 300, "tooltip": ""}}
    ],
    "CONTENT_DOMAIN": "",
    "UPDATE_POLICY": "ALWAYS UPDATED"
  }
}