{
  "maskenzuordnung": {
    "CONTENT": [
      {"PRIMARY_KEYS": {"name": "Severity", "role_id": "public"}, "DATA": {"cdb_classname": "cdb_maskenzuordnung", "cdb_icon_id": null, "cdb_module_id": "tickets.plm", "ersteller": "caddok", "html_help": null}},
      {"PRIMARY_KEYS": {"name": "change_request", "role_id": "public"}, "DATA": {"cdb_classname": "cdb_maskenzuordnung", "cdb_icon_id": null, "cdb_module_id": "tickets.plm", "ersteller": "caddok", "html_help": null}},
      {"PRIMARY_KEYS": {"name": "change_request__state", "role_id": "public"}, "DATA": {"cdb_classname": "cdb_maskenzuordnung", "cdb_icon_id": null, "cdb_module_id": "tickets.plm", "ersteller": "caddok", "html_help": null}},
      {"PRIMARY_KEYS": {"name": "change_request_bug", "role_id": "public"}, "DATA": {"cdb_classname": "cdb_maskenzuordnung", "cdb_icon_id": "", "cdb_module_id": "tickets.plm", "ersteller": "caddok", "html_help": ""}},
      {"PRIMARY_KEYS": {"name": "change_request_feature", "role_id": "public"}, "DATA": {"cdb_classname": "cdb_maskenzuordnung", "cdb_icon_id": "", "cdb_module_id": "tickets.plm", "ersteller": "caddok", "html_help": ""}},
      {"PRIMARY_KEYS": {"name": "classification_types", "role_id": "public"}, "DATA": {"cdb_classname": "cdb_maskenzuordnung", "cdb_icon_id": null, "cdb_module_id": "tickets.plm", "ersteller": "caddok", "html_help": null}},
      {"PRIMARY_KEYS": {"name": "cr_doc_rel", "role_id": "public"}, "DATA": {"cdb_classname": "cdb_maskenzuordnung", "cdb_icon_id": null, "cdb_module_id": "tickets.plm", "ersteller": "caddok", "html_help": null}},
      {"PRIMARY_KEYS": {"name": "technical_debt", "role_id": "public"}, "DATA": {"cdb_classname": "cdb_maskenzuordnung", "cdb_icon_id": null, "cdb_module_id": "tickets.plm", "ersteller": "caddok", "html_help": null}}
    ],
    "CONTENT_DOMAIN": "",
    "UPDATE_POLICY": "ALWAYS UPDATED"
  }
}