{
  "masken": {
    "CONTENT": [
      {"PRIMARY_KEYS": {"attribut": "description", "name": "Severity", "role_id": "public"}, "DATA": {"alignment": 0, "as_configured": null, "beschriftung_cs": null, "beschriftung_d": null, "beschriftung_f": null, "beschriftung_i": null, "beschriftung_ja": null, "beschriftung_ko": null, "beschriftung_pl": null, "beschriftung_pt": null, "beschriftung_s": null, "beschriftung_tr": null, "beschriftung_uk": null, "beschriftung_zh": null, "cdb_module_id": "tickets.plm", "deactivated": 0, "dflt": null, "farbe": null, "gross_klein": null, "hidden": 0, "itemtyp": 0, "katalog": null, "mask_index": 20, "monospaced": null, "mussfeld": null, "read_only": 0, "resize_mode": null, "rs_obj_link": null, "stored_len": null, "string1": null, "string2": null, "tooltip": null, "typ": null, "url": null, "user_exit": null, "visible_len": 20, "x_position": 20, "y_position": 40, "zeilen": null}},
      {"PRIMARY_KEYS": {"attribut": "ranking", "name": "Severity", "role_id": "public"}, "DATA": {"alignment": 0, "as_configured": null, "beschriftung_cs": null, "beschriftung_d": null, "beschriftung_f": null, "beschriftung_i": null, "beschriftung_ja": null, "beschriftung_ko": null, "beschriftung_pl": null, "beschriftung_pt": null, "beschriftung_s": null, "beschriftung_tr": null, "beschriftung_uk": null, "beschriftung_zh": null, "cdb_module_id": "tickets.plm", "deactivated": 0, "dflt": null, "farbe": null, "gross_klein": null, "hidden": 0, "itemtyp": 0, "katalog": null, "mask_index": 30, "monospaced": null, "mussfeld": null, "read_only": 0, "resize_mode": null, "rs_obj_link": null, "stored_len": null, "string1": null, "string2": null, "tooltip": null, "typ": null, "url": null, "user_exit": null, "visible_len": 20, "x_position": 20, "y_position": 60, "zeilen": null}},
      {"PRIMARY_KEYS": {"attribut": "severity_name", "name": "Severity", "role_id": "public"}, "DATA": {"alignment": 0, "as_configured": null, "beschriftung_cs": null, "beschriftung_d": null, "beschriftung_f": null, "beschriftung_i": null, "beschriftung_ja": null, "beschriftung_ko": null, "beschriftung_pl": null, "beschriftung_pt": null, "beschriftung_s": null, "beschriftung_tr": null, "beschriftung_uk": null, "beschriftung_zh": null, "cdb_module_id": "tickets.plm", "deactivated": 0, "dflt": null, "farbe": null, "gross_klein": null, "hidden": 0, "itemtyp": 0, "katalog": null, "mask_index": 10, "monospaced": null, "mussfeld": null, "read_only": 0, "resize_mode": null, "rs_obj_link": null, "stored_len": null, "string1": null, "string2": null, "tooltip": null, "typ": null, "url": null, "user_exit": null, "visible_len": 20, "x_position": 20, "y_position": 20, "zeilen": null}},
      {"PRIMARY_KEYS": {"attribut": "button_fmt", "name": "change_request", "role_id": "public"}, "DATA": {"alignment": 0, "as_configured": 0, "beschriftung_cs": null, "beschriftung_d": "von mir heute", "beschriftung_f": null, "beschriftung_i": null, "beschriftung_ja": null, "beschriftung_ko": null, "beschriftung_pl": null, "beschriftung_pt": null, "beschriftung_s": null, "beschriftung_tr": null, "beschriftung_uk": "From me today", "beschriftung_zh": null, "cdb_module_id": "tickets.plm", "deactivated": 0, "dflt": "", "farbe": null, "gross_klein": null, "hidden": 0, "itemtyp": 13, "katalog": "", "mask_index": 270, "monospaced": 0, "mussfeld": 0, "read_only": 0, "resize_mode": null, "rs_obj_link": "", "stored_len": null, "string1": "", "string2": "0", "tooltip": "", "typ": null, "url": "", "user_exit": "", "visible_len": 20, "x_position": 20, "y_position": 340, "zeilen": null}},
      {"PRIMARY_KEYS": {"attribut": "cdb_status_txt", "name": "change_request", "role_id": "public"}, "DATA": {"alignment": 0, "as_configured": 0, "beschriftung_cs": null, "beschriftung_d": null, "beschriftung_f": null, "beschriftung_i": null, "beschriftung_ja": null, "beschriftung_ko": null, "beschriftung_pl": null, "beschriftung_pt": null, "beschriftung_s": null, "beschriftung_tr": null, "beschriftung_uk": "Status", "beschriftung_zh": null, "cdb_module_id": "tickets.plm", "deactivated": 0, "dflt": null, "farbe": null, "gross_klein": null, "hidden": 0, "itemtyp": 0, "katalog": null, "mask_index": 150, "monospaced": 0, "mussfeld": 0, "read_only": 1, "resize_mode": null, "rs_obj_link": null, "stored_len": null, "string1": null, "string2": "0", "tooltip": null, "typ": null, "url": null, "user_exit": null, "visible_len": 20, "x_position": 20, "y_position": 300, "zeilen": null}},
      {"PRIMARY_KEYS": {"attribut": "change_number", "name": "change_request", "role_id": "public"}, "DATA": {"alignment": 0, "as_configured": 0, "beschriftung_cs": null, "beschriftung_d": null, "beschriftung_f": null, "beschriftung_i": null, "beschriftung_ja": null, "beschriftung_ko": null, "beschriftung_pl": null, "beschriftung_pt": null, "beschriftung_s": null, "beschriftung_tr": null, "beschriftung_uk": null, "beschriftung_zh": null, "cdb_module_id": "tickets.plm", "deactivated": 0, "dflt": null, "farbe": null, "gross_klein": null, "hidden": 1, "itemtyp": 0, "katalog": null, "mask_index": 180, "monospaced": 0, "mussfeld": 0, "read_only": 0, "resize_mode": null, "rs_obj_link": null, "stored_len": null, "string1": null, "string2": "0", "tooltip": null, "typ": null, "url": null, "user_exit": null, "visible_len": 20, "x_position": 20, "y_position": 360, "zeilen": null}},
      {"PRIMARY_KEYS": {"attribut": "classification", "name": "change_request", "role_id": "public"}, "DATA": {"alignment": 0, "as_configured": 0, "beschriftung_cs": null, "beschriftung_d": "", "beschriftung_f": null, "beschriftung_i": null, "beschriftung_ja": null, "beschriftung_ko": null, "beschriftung_pl": null, "beschriftung_pt": null, "beschriftung_s": null, "beschriftung_tr": null, "beschriftung_uk": "Classification", "beschriftung_zh": null, "cdb_module_id": "tickets.plm", "deactivated": 0, "dflt": "", "farbe": null, "gross_klein": null, "hidden": 0, "itemtyp": 4, "katalog": "ClassificationCatalog", "mask_index": 220, "monospaced": 0, "mussfeld": 1, "read_only": 2, "resize_mode": null, "rs_obj_link": "", "stored_len": null, "string1": "", "string2": "0", "tooltip": "", "typ": null, "url": "", "user_exit": "", "visible_len": 20, "x_position": 40, "y_position": 20, "zeilen": null}},
      {"PRIMARY_KEYS": {"attribut": "customer", "name": "change_request", "role_id": "public"}, "DATA": {"alignment": 0, "as_configured": 0, "beschriftung_cs": null, "beschriftung_d": null, "beschriftung_f": null, "beschriftung_i": null, "beschriftung_ja": null, "beschriftung_ko": null, "beschriftung_pl": null, "beschriftung_pt": null, "beschriftung_s": null, "beschriftung_tr": null, "beschriftung_uk": null, "beschriftung_zh": null, "cdb_module_id": "tickets.plm", "deactivated": 0, "dflt": null, "farbe": null, "gross_klein": null, "hidden": 1, "itemtyp": 0, "katalog": null, "mask_index": 120, "monospaced": 0, "mussfeld": 0, "read_only": 0, "resize_mode": null, "rs_obj_link": null, "stored_len": null, "string1": null, "string2": "0", "tooltip": null, "typ": null, "url": null, "user_exit": null, "visible_len": 20, "x_position": 20, "y_position": 240, "zeilen": null}},
      {"PRIMARY_KEYS": {"attribut": "description4_txt", "name": "change_request", "role_id": "public"}, "DATA": {"alignment": 0, "as_configured": 0, "beschriftung_cs": null, "beschriftung_d": null, "beschriftung_f": null, "beschriftung_i": null, "beschriftung_ja": null, "beschriftung_ko": null, "beschriftung_pl": null, "beschriftung_pt": null, "beschriftung_s": null, "beschriftung_tr": null, "beschriftung_uk": null, "beschriftung_zh": null, "cdb_module_id": "tickets.plm", "deactivated": 0, "dflt": "## Actual behavior\n## Expected behavior\n## Steps to reproduce actual behavior", "farbe": null, "gross_klein": null, "hidden": 0, "itemtyp": 11, "katalog": null, "mask_index": 190, "monospaced": 0, "mussfeld": 0, "read_only": 0, "resize_mode": null, "rs_obj_link": null, "stored_len": null, "string1": null, "string2": "0", "tooltip": null, "typ": null, "url": null, "user_exit": null, "visible_len": 40, "x_position": 20, "y_position": 380, "zeilen": 5}},
      {"PRIMARY_KEYS": {"attribut": "fixed_by", "name": "change_request", "role_id": "public"}, "DATA": {"alignment": 0, "as_configured": 0, "beschriftung_cs": null, "beschriftung_d": null, "beschriftung_f": null, "beschriftung_i": null, "beschriftung_ja": null, "beschriftung_ko": null, "beschriftung_pl": null, "beschriftung_pt": null, "beschriftung_s": null, "beschriftung_tr": null, "beschriftung_uk": "by", "beschriftung_zh": null, "cdb_module_id": "tickets.plm", "deactivated": 0, "dflt": null, "farbe": null, "gross_klein": null, "hidden": 0, "itemtyp": 0, "katalog": "FixedByCatalog", "mask_index": 170, "monospaced": 0, "mussfeld": 0, "read_only": 2, "resize_mode": null, "rs_obj_link": null, "stored_len": null, "string1": null, "string2": "0", "tooltip": null, "typ": null, "url": null, "user_exit": null, "visible_len": 20, "x_position": 40, "y_position": 320, "zeilen": null}},
      {"PRIMARY_KEYS": {"attribut": "fixed_on", "name": "change_request", "role_id": "public"}, "DATA": {"alignment": 0, "as_configured": null, "beschriftung_cs": null, "beschriftung_d": null, "beschriftung_f": null, "beschriftung_i": null, "beschriftung_ja": null, "beschriftung_ko": null, "beschriftung_pl": null, "beschriftung_pt": null, "beschriftung_s": null, "beschriftung_tr": null, "beschriftung_uk": null, "beschriftung_zh": null, "cdb_module_id": "tickets.plm", "deactivated": 0, "dflt": null, "farbe": null, "gross_klein": null, "hidden": 0, "itemtyp": 20, "katalog": null, "mask_index": 160, "monospaced": null, "mussfeld": null, "read_only": 0, "resize_mode": null, "rs_obj_link": null, "stored_len": null, "string1": null, "string2": null, "tooltip": null, "typ": null, "url": null, "user_exit": null, "visible_len": 20, "x_position": 20, "y_position": 320, "zeilen": null}},
      {"PRIMARY_KEYS": {"attribut": "id", "name": "change_request", "role_id": "public"}, "DATA": {"alignment": 0, "as_configured": 0, "beschriftung_cs": null, "beschriftung_d": null, "beschriftung_f": null, "beschriftung_i": null, "beschriftung_ja": null, "beschriftung_ko": null, "beschriftung_pl": null, "beschriftung_pt": null, "beschriftung_s": null, "beschriftung_tr": null, "beschriftung_uk": null, "beschriftung_zh": null, "cdb_module_id": "tickets.plm", "deactivated": 0, "dflt": null, "farbe": null, "gross_klein": null, "hidden": 0, "itemtyp": 0, "katalog": null, "mask_index": 20, "monospaced": 0, "mussfeld": 1, "read_only": 0, "resize_mode": null, "rs_obj_link": null, "stored_len": null, "string1": null, "string2": "0", "tooltip": null, "typ": null, "url": null, "user_exit": null, "visible_len": 20, "x_position": 20, "y_position": 20, "zeilen": null}},
      {"PRIMARY_KEYS": {"attribut": "mapped_customer_name", "name": "change_request", "role_id": "public"}, "DATA": {"alignment": 0, "as_configured": 0, "beschriftung_cs": null, "beschriftung_d": null, "beschriftung_f": null, "beschriftung_i": null, "beschriftung_ja": null, "beschriftung_ko": null, "beschriftung_pl": null, "beschriftung_pt": null, "beschriftung_s": null, "beschriftung_tr": null, "beschriftung_uk": "Customer", "beschriftung_zh": null, "cdb_module_id": "tickets.plm", "deactivated": 0, "dflt": null, "farbe": null, "gross_klein": null, "hidden": 0, "itemtyp": 0, "katalog": "MappedCustomerCatalog", "mask_index": 130, "monospaced": 0, "mussfeld": 0, "read_only": 2, "resize_mode": null, "rs_obj_link": "cr_customer_rel", "stored_len": null, "string1": null, "string2": "0", "tooltip": null, "typ": null, "url": null, "user_exit": null, "visible_len": 20, "x_position": 20, "y_position": 260, "zeilen": null}},
      {"PRIMARY_KEYS": {"attribut": "placeholder", "name": "change_request", "role_id": "public"}, "DATA": {"alignment": 0, "as_configured": 0, "beschriftung_cs": null, "beschriftung_d": "", "beschriftung_f": null, "beschriftung_i": null, "beschriftung_ja": null, "beschriftung_ko": null, "beschriftung_pl": null, "beschriftung_pt": null, "beschriftung_s": null, "beschriftung_tr": null, "beschriftung_uk": "", "beschriftung_zh": null, "cdb_module_id": "tickets.plm", "deactivated": 0, "dflt": "", "farbe": null, "gross_klein": null, "hidden": 0, "itemtyp": 15, "katalog": "", "mask_index": 270, "monospaced": 0, "mussfeld": 0, "read_only": 0, "resize_mode": null, "rs_obj_link": "", "stored_len": null, "string1": "", "string2": "0", "tooltip": "", "typ": null, "url": "", "user_exit": "", "visible_len": 20, "x_position": 20, "y_position": 170, "zeilen": null}},
      {"PRIMARY_KEYS": {"attribut": "placeholder2", "name": "change_request", "role_id": "public"}, "DATA": {"alignment": 0, "as_configured": 0, "beschriftung_cs": null, "beschriftung_d": "", "beschriftung_f": null, "beschriftung_i": null, "beschriftung_ja": null, "beschriftung_ko": null, "beschriftung_pl": null, "beschriftung_pt": null, "beschriftung_s": null, "beschriftung_tr": null, "beschriftung_uk": "", "beschriftung_zh": null, "cdb_module_id": "tickets.plm", "deactivated": 0, "dflt": "", "farbe": null, "gross_klein": null, "hidden": 0, "itemtyp": 15, "katalog": "", "mask_index": 280, "monospaced": 0, "mussfeld": 0, "read_only": 0, "resize_mode": null, "rs_obj_link": "", "stored_len": null, "string1": "", "string2": "0", "tooltip": "", "typ": null, "url": "", "user_exit": "", "visible_len": 20, "x_position": 20, "y_position": 270, "zeilen": null}},
      {"PRIMARY_KEYS": {"attribut": "product_id", "name": "change_request", "role_id": "public"}, "DATA": {"alignment": 0, "as_configured": 0, "beschriftung_cs": null, "beschriftung_d": null, "beschriftung_f": null, "beschriftung_i": null, "beschriftung_ja": null, "beschriftung_ko": null, "beschriftung_pl": null, "beschriftung_pt": null, "beschriftung_s": null, "beschriftung_tr": null, "beschriftung_uk": null, "beschriftung_zh": null, "cdb_module_id": "tickets.plm", "deactivated": 0, "dflt": null, "farbe": null, "gross_klein": null, "hidden": 1, "itemtyp": 0, "katalog": null, "mask_index": 40, "monospaced": 0, "mussfeld": 0, "read_only": 0, "resize_mode": null, "rs_obj_link": null, "stored_len": null, "string1": null, "string2": "0", "tooltip": null, "typ": null, "url": null, "user_exit": null, "visible_len": 20, "x_position": 20, "y_position": 80, "zeilen": null}},
      {"PRIMARY_KEYS": {"attribut": "product_name", "name": "change_request", "role_id": "public"}, "DATA": {"alignment": 0, "as_configured": 0, "beschriftung_cs": null, "beschriftung_d": null, "beschriftung_f": null, "beschriftung_i": null, "beschriftung_ja": null, "beschriftung_ko": null, "beschriftung_pl": null, "beschriftung_pt": null, "beschriftung_s": null, "beschriftung_tr": null, "beschriftung_uk": "Product", "beschriftung_zh": null, "cdb_module_id": "tickets.plm", "deactivated": 0, "dflt": null, "farbe": null, "gross_klein": null, "hidden": 0, "itemtyp": 31, "katalog": "ProductCatalog", "mask_index": 50, "monospaced": 0, "mussfeld": 0, "read_only": 2, "resize_mode": null, "rs_obj_link": "cr_product_rel", "stored_len": null, "string1": null, "string2": "", "tooltip": null, "typ": null, "url": null, "user_exit": null, "visible_len": 20, "x_position": 20, "y_position": 100, "zeilen": null}},
      {"PRIMARY_KEYS": {"attribut": "reported_by", "name": "change_request", "role_id": "public"}, "DATA": {"alignment": 0, "as_configured": 0, "beschriftung_cs": null, "beschriftung_d": null, "beschriftung_f": null, "beschriftung_i": null, "beschriftung_ja": null, "beschriftung_ko": null, "beschriftung_pl": null, "beschriftung_pt": null, "beschriftung_s": null, "beschriftung_tr": null, "beschriftung_uk": null, "beschriftung_zh": null, "cdb_module_id": "tickets.plm", "deactivated": 0, "dflt": "$name", "farbe": null, "gross_klein": null, "hidden": 0, "itemtyp": 0, "katalog": "ReportedByCatalog", "mask_index": 100, "monospaced": 0, "mussfeld": 0, "read_only": 2, "resize_mode": null, "rs_obj_link": null, "stored_len": null, "string1": null, "string2": "0", "tooltip": null, "typ": null, "url": null, "user_exit": null, "visible_len": 20, "x_position": 20, "y_position": 200, "zeilen": null}},
      {"PRIMARY_KEYS": {"attribut": "reported_on", "name": "change_request", "role_id": "public"}, "DATA": {"alignment": 0, "as_configured": null, "beschriftung_cs": null, "beschriftung_d": null, "beschriftung_f": null, "beschriftung_i": null, "beschriftung_ja": null, "beschriftung_ko": null, "beschriftung_pl": null, "beschriftung_pt": null, "beschriftung_s": null, "beschriftung_tr": null, "beschriftung_uk": null, "beschriftung_zh": null, "cdb_module_id": "tickets.plm", "deactivated": 0, "dflt": "$date", "farbe": null, "gross_klein": null, "hidden": 0, "itemtyp": 20, "katalog": null, "mask_index": 110, "monospaced": null, "mussfeld": null, "read_only": 0, "resize_mode": null, "rs_obj_link": null, "stored_len": null, "string1": null, "string2": null, "tooltip": null, "typ": null, "url": null, "user_exit": null, "visible_len": 20, "x_position": 20, "y_position": 220, "zeilen": null}},
      {"PRIMARY_KEYS": {"attribut": "responsible", "name": "change_request", "role_id": "public"}, "DATA": {"alignment": 0, "as_configured": 0, "beschriftung_cs": null, "beschriftung_d": "", "beschriftung_f": null, "beschriftung_i": null, "beschriftung_ja": null, "beschriftung_ko": null, "beschriftung_pl": null, "beschriftung_pt": null, "beschriftung_s": null, "beschriftung_tr": null, "beschriftung_uk": "Responsible", "beschriftung_zh": null, "cdb_module_id": "tickets.plm", "deactivated": 0, "dflt": "", "farbe": null, "gross_klein": null, "hidden": 0, "itemtyp": 0, "katalog": "ResponsibleCatalog", "mask_index": 290, "monospaced": 0, "mussfeld": 1, "read_only": 2, "resize_mode": null, "rs_obj_link": "cr_responsible_rel", "stored_len": null, "string1": "", "string2": "0", "tooltip": "", "typ": null, "url": "", "user_exit": "", "visible_len": 20, "x_position": 20, "y_position": 120, "zeilen": null}},
      {"PRIMARY_KEYS": {"attribut": "severity", "name": "change_request", "role_id": "public"}, "DATA": {"alignment": 0, "as_configured": 0, "beschriftung_cs": null, "beschriftung_d": "Schweregrad", "beschriftung_f": null, "beschriftung_i": null, "beschriftung_ja": null, "beschriftung_ko": null, "beschriftung_pl": null, "beschriftung_pt": null, "beschriftung_s": null, "beschriftung_tr": null, "beschriftung_uk": "Severity", "beschriftung_zh": null, "cdb_module_id": "tickets.plm", "deactivated": 0, "dflt": "", "farbe": null, "gross_klein": null, "hidden": 0, "itemtyp": 0, "katalog": "SeverityCatalog", "mask_index": 300, "monospaced": 0, "mussfeld": 0, "read_only": 2, "resize_mode": null, "rs_obj_link": "", "stored_len": null, "string1": "", "string2": "0", "tooltip": "", "typ": null, "url": "", "user_exit": "", "visible_len": 20, "x_position": 20, "y_position": 160, "zeilen": null}},
      {"PRIMARY_KEYS": {"attribut": "severity_ranking", "name": "change_request", "role_id": "public"}, "DATA": {"alignment": 0, "as_configured": 0, "beschriftung_cs": null, "beschriftung_d": "", "beschriftung_f": null, "beschriftung_i": null, "beschriftung_ja": null, "beschriftung_ko": null, "beschriftung_pl": null, "beschriftung_pt": null, "beschriftung_s": null, "beschriftung_tr": null, "beschriftung_uk": "Severity ranking", "beschriftung_zh": null, "cdb_module_id": "tickets.plm", "deactivated": 0, "dflt": "", "farbe": null, "gross_klein": null, "hidden": 0, "itemtyp": 0, "katalog": "", "mask_index": 310, "monospaced": 0, "mussfeld": 0, "read_only": 1, "resize_mode": null, "rs_obj_link": "", "stored_len": null, "string1": "", "string2": "0", "tooltip": "", "typ": null, "url": "", "user_exit": "", "visible_len": 20, "x_position": 40, "y_position": 160, "zeilen": null}},
      {"PRIMARY_KEYS": {"attribut": "solution4_txt", "name": "change_request", "role_id": "public"}, "DATA": {"alignment": 0, "as_configured": null, "beschriftung_cs": null, "beschriftung_d": null, "beschriftung_f": null, "beschriftung_i": null, "beschriftung_ja": null, "beschriftung_ko": null, "beschriftung_pl": null, "beschriftung_pt": null, "beschriftung_s": null, "beschriftung_tr": null, "beschriftung_uk": null, "beschriftung_zh": null, "cdb_module_id": "tickets.plm", "deactivated": 0, "dflt": null, "farbe": null, "gross_klein": null, "hidden": 0, "itemtyp": 11, "katalog": null, "mask_index": 200, "monospaced": null, "mussfeld": null, "read_only": 0, "resize_mode": null, "rs_obj_link": null, "stored_len": null, "string1": null, "string2": null, "tooltip": null, "typ": null, "url": null, "user_exit": null, "visible_len": 40, "x_position": 20, "y_position": 400, "zeilen": 5}},
      {"PRIMARY_KEYS": {"attribut": "status", "name": "change_request", "role_id": "public"}, "DATA": {"alignment": 0, "as_configured": 0, "beschriftung_cs": null, "beschriftung_d": null, "beschriftung_f": null, "beschriftung_i": null, "beschriftung_ja": null, "beschriftung_ko": null, "beschriftung_pl": null, "beschriftung_pt": null, "beschriftung_s": null, "beschriftung_tr": null, "beschriftung_uk": null, "beschriftung_zh": null, "cdb_module_id": "tickets.plm", "deactivated": 0, "dflt": null, "farbe": null, "gross_klein": null, "hidden": 1, "itemtyp": 0, "katalog": null, "mask_index": 140, "monospaced": 0, "mussfeld": 0, "read_only": 0, "resize_mode": null, "rs_obj_link": null, "stored_len": null, "string1": null, "string2": "0", "tooltip": null, "typ": null, "url": null, "user_exit": null, "visible_len": 10, "x_position": 20, "y_position": 280, "zeilen": null}},
      {"PRIMARY_KEYS": {"attribut": "title", "name": "change_request", "role_id": "public"}, "DATA": {"alignment": 0, "as_configured": 0, "beschriftung_cs": null, "beschriftung_d": null, "beschriftung_f": null, "beschriftung_i": null, "beschriftung_ja": null, "beschriftung_ko": null, "beschriftung_pl": null, "beschriftung_pt": null, "beschriftung_s": null, "beschriftung_tr": null, "beschriftung_uk": null, "beschriftung_zh": null, "cdb_module_id": "tickets.plm", "deactivated": 0, "dflt": null, "farbe": null, "gross_klein": null, "hidden": 0, "itemtyp": 0, "katalog": null, "mask_index": 30, "monospaced": 0, "mussfeld": 0, "read_only": 0, "resize_mode": null, "rs_obj_link": null, "stored_len": null, "string1": null, "string2": "0", "tooltip": null, "typ": null, "url": null, "user_exit": null, "visible_len": 40, "x_position": 20, "y_position": 60, "zeilen": null}},
      {"PRIMARY_KEYS": {"attribut": "cdb_object_id", "name": "change_request__state", "role_id": "public"}, "DATA": {"alignment": 0, "as_configured": null, "beschriftung_cs": null, "beschriftung_d": null, "beschriftung_f": null, "beschriftung_i": null, "beschriftung_ja": null, "beschriftung_ko": null, "beschriftung_pl": null, "beschriftung_pt": null, "beschriftung_s": null, "beschriftung_tr": null, "beschriftung_uk": null, "beschriftung_zh": null, "cdb_module_id": "tickets.plm", "deactivated": 0, "dflt": null, "farbe": null, "gross_klein": null, "hidden": 0, "itemtyp": 0, "katalog": null, "mask_index": 10, "monospaced": null, "mussfeld": null, "read_only": 0, "resize_mode": null, "rs_obj_link": null, "stored_len": null, "string1": null, "string2": null, "tooltip": null, "typ": null, "url": null, "user_exit": null, "visible_len": 20, "x_position": 20, "y_position": 20, "zeilen": null}},
      {"PRIMARY_KEYS": {"attribut": "zielstatus", "name": "change_request__state", "role_id": "public"}, "DATA": {"alignment": 0, "as_configured": 0, "beschriftung_cs": null, "beschriftung_d": "Zielstatus", "beschriftung_f": null, "beschriftung_i": null, "beschriftung_ja": null, "beschriftung_ko": null, "beschriftung_pl": null, "beschriftung_pt": null, "beschriftung_s": null, "beschriftung_tr": null, "beschriftung_uk": "Target Status", "beschriftung_zh": null, "cdb_module_id": "tickets.plm", "deactivated": 0, "dflt": null, "farbe": 0, "gross_klein": 0, "hidden": 0, "itemtyp": 4, "katalog": null, "mask_index": 500, "monospaced": 0, "mussfeld": 1, "read_only": 2, "resize_mode": null, "rs_obj_link": null, "stored_len": null, "string1": null, "string2": null, "tooltip": null, "typ": 0, "url": null, "user_exit": null, "visible_len": 20, "x_position": 20, "y_position": 500, "zeilen": 0}},
      {"PRIMARY_KEYS": {"attribut": "button_fmt", "name": "change_request_bug", "role_id": "public"}, "DATA": {"alignment": 0, "as_configured": 0, "beschriftung_cs": "", "beschriftung_d": "von mir heute", "beschriftung_f": "", "beschriftung_i": "", "beschriftung_ja": "", "beschriftung_ko": "", "beschriftung_pl": "", "beschriftung_pt": "", "beschriftung_s": "", "beschriftung_tr": "", "beschriftung_uk": "From me today", "beschriftung_zh": "", "cdb_module_id": "tickets.plm", "deactivated": 0, "dflt": "", "farbe": null, "gross_klein": null, "hidden": 0, "itemtyp": 13, "katalog": "", "mask_index": 270, "monospaced": 0, "mussfeld": 0, "read_only": 0, "resize_mode": null, "rs_obj_link": "", "stored_len": null, "string1": "", "string2": "0", "tooltip": "", "typ": null, "url": "", "user_exit": "", "visible_len": 20, "x_position": 20, "y_position": 340, "zeilen": null}},
      {"PRIMARY_KEYS": {"attribut": "cdb_status_txt", "name": "change_request_bug", "role_id": "public"}, "DATA": {"alignment": 0, "as_configured": 0, "beschriftung_cs": "", "beschriftung_d": "", "beschriftung_f": "", "beschriftung_i": "", "beschriftung_ja": "", "beschriftung_ko": "", "beschriftung_pl": "", "beschriftung_pt": "", "beschriftung_s": "", "beschriftung_tr": "", "beschriftung_uk": "Status", "beschriftung_zh": "", "cdb_module_id": "tickets.plm", "deactivated": 0, "dflt": "", "farbe": null, "gross_klein": null, "hidden": 0, "itemtyp": 0, "katalog": "", "mask_index": 150, "monospaced": 0, "mussfeld": 0, "read_only": 1, "resize_mode": null, "rs_obj_link": "", "stored_len": null, "string1": "", "string2": "0", "tooltip": "", "typ": null, "url": "", "user_exit": "", "visible_len": 20, "x_position": 20, "y_position": 300, "zeilen": null}},
      {"PRIMARY_KEYS": {"attribut": "change_number", "name": "change_request_bug", "role_id": "public"}, "DATA": {"alignment": 0, "as_configured": 0, "beschriftung_cs": "", "beschriftung_d": "", "beschriftung_f": "", "beschriftung_i": "", "beschriftung_ja": "", "beschriftung_ko": "", "beschriftung_pl": "", "beschriftung_pt": "", "beschriftung_s": "", "beschriftung_tr": "", "beschriftung_uk": "", "beschriftung_zh": "", "cdb_module_id": "tickets.plm", "deactivated": 0, "dflt": "", "farbe": null, "gross_klein": null, "hidden": 0, "itemtyp": 0, "katalog": "", "mask_index": 180, "monospaced": 0, "mussfeld": 0, "read_only": 1, "resize_mode": null, "rs_obj_link": "", "stored_len": null, "string1": "", "string2": "0", "tooltip": "", "typ": null, "url": "", "user_exit": "", "visible_len": 20, "x_position": 20, "y_position": 70, "zeilen": null}},
      {"PRIMARY_KEYS": {"attribut": "classification", "name": "change_request_bug", "role_id": "public"}, "DATA": {"alignment": 0, "as_configured": 0, "beschriftung_cs": "", "beschriftung_d": "", "beschriftung_f": "", "beschriftung_i": "", "beschriftung_ja": "", "beschriftung_ko": "", "beschriftung_pl": "", "beschriftung_pt": "", "beschriftung_s": "", "beschriftung_tr": "", "beschriftung_uk": "Classification", "beschriftung_zh": "", "cdb_module_id": "tickets.plm", "deactivated": 0, "dflt": "", "farbe": null, "gross_klein": null, "hidden": 0, "itemtyp": 4, "katalog": "ClassificationCatalog", "mask_index": 220, "monospaced": 0, "mussfeld": 1, "read_only": 2, "resize_mode": null, "rs_obj_link": "", "stored_len": null, "string1": "", "string2": "0", "tooltip": "", "typ": null, "url": "", "user_exit": "", "visible_len": 20, "x_position": 40, "y_position": 20, "zeilen": null}},
      {"PRIMARY_KEYS": {"attribut": "customer", "name": "change_request_bug", "role_id": "public"}, "DATA": {"alignment": 0, "as_configured": 0, "beschriftung_cs": "", "beschriftung_d": "", "beschriftung_f": "", "beschriftung_i": "", "beschriftung_ja": "", "beschriftung_ko": "", "beschriftung_pl": "", "beschriftung_pt": "", "beschriftung_s": "", "beschriftung_tr": "", "beschriftung_uk": "", "beschriftung_zh": "", "cdb_module_id": "tickets.plm", "deactivated": 0, "dflt": "", "farbe": null, "gross_klein": null, "hidden": 1, "itemtyp": 0, "katalog": "", "mask_index": 120, "monospaced": 0, "mussfeld": 0, "read_only": 0, "resize_mode": null, "rs_obj_link": "", "stored_len": null, "string1": "", "string2": "0", "tooltip": "", "typ": null, "url": "", "user_exit": "", "visible_len": 20, "x_position": 20, "y_position": 240, "zeilen": null}},
      {"PRIMARY_KEYS": {"attribut": "description4_txt", "name": "change_request_bug", "role_id": "public"}, "DATA": {"alignment": 0, "as_configured": 0, "beschriftung_cs": "", "beschriftung_d": "", "beschriftung_f": "", "beschriftung_i": "", "beschriftung_ja": "", "beschriftung_ko": "", "beschriftung_pl": "", "beschriftung_pt": "", "beschriftung_s": "", "beschriftung_tr": "", "beschriftung_uk": "", "beschriftung_zh": "", "cdb_module_id": "tickets.plm", "deactivated": 0, "dflt": "## Actual behavior\n## Expected behavior\n## Steps to reproduce actual behavior", "farbe": null, "gross_klein": null, "hidden": 0, "itemtyp": 11, "katalog": "", "mask_index": 190, "monospaced": 0, "mussfeld": 0, "read_only": 0, "resize_mode": null, "rs_obj_link": "", "stored_len": null, "string1": "", "string2": "0", "tooltip": "", "typ": null, "url": "", "user_exit": "", "visible_len": 40, "x_position": 20, "y_position": 380, "zeilen": 5}},
      {"PRIMARY_KEYS": {"attribut": "fixed_by", "name": "change_request_bug", "role_id": "public"}, "DATA": {"alignment": 0, "as_configured": 0, "beschriftung_cs": "", "beschriftung_d": "", "beschriftung_f": "", "beschriftung_i": "", "beschriftung_ja": "", "beschriftung_ko": "", "beschriftung_pl": "", "beschriftung_pt": "", "beschriftung_s": "", "beschriftung_tr": "", "beschriftung_uk": "by", "beschriftung_zh": "", "cdb_module_id": "tickets.plm", "deactivated": 0, "dflt": "", "farbe": null, "gross_klein": null, "hidden": 0, "itemtyp": 0, "katalog": "FixedByCatalog", "mask_index": 170, "monospaced": 0, "mussfeld": 0, "read_only": 2, "resize_mode": null, "rs_obj_link": "", "stored_len": null, "string1": "", "string2": "0", "tooltip": "", "typ": null, "url": "", "user_exit": "", "visible_len": 20, "x_position": 40, "y_position": 320, "zeilen": null}},
      {"PRIMARY_KEYS": {"attribut": "fixed_on", "name": "change_request_bug", "role_id": "public"}, "DATA": {"alignment": 0, "as_configured": null, "beschriftung_cs": "", "beschriftung_d": "", "beschriftung_f": "", "beschriftung_i": "", "beschriftung_ja": "", "beschriftung_ko": "", "beschriftung_pl": "", "beschriftung_pt": "", "beschriftung_s": "", "beschriftung_tr": "", "beschriftung_uk": "", "beschriftung_zh": "", "cdb_module_id": "tickets.plm", "deactivated": 0, "dflt": "", "farbe": null, "gross_klein": null, "hidden": 0, "itemtyp": 20, "katalog": "", "mask_index": 160, "monospaced": null, "mussfeld": null, "read_only": 0, "resize_mode": null, "rs_obj_link": "", "stored_len": null, "string1": "", "string2": "", "tooltip": "", "typ": null, "url": "", "user_exit": "", "visible_len": 20, "x_position": 20, "y_position": 320, "zeilen": null}},
      {"PRIMARY_KEYS": {"attribut": "id", "name": "change_request_bug", "role_id": "public"}, "DATA": {"alignment": 0, "as_configured": 0, "beschriftung_cs": "", "beschriftung_d": "", "beschriftung_f": "", "beschriftung_i": "", "beschriftung_ja": "", "beschriftung_ko": "", "beschriftung_pl": "", "beschriftung_pt": "", "beschriftung_s": "", "beschriftung_tr": "", "beschriftung_uk": "", "beschriftung_zh": "", "cdb_module_id": "tickets.plm", "deactivated": 0, "dflt": "", "farbe": null, "gross_klein": null, "hidden": 0, "itemtyp": 0, "katalog": "", "mask_index": 20, "monospaced": 0, "mussfeld": 1, "read_only": 0, "resize_mode": null, "rs_obj_link": "", "stored_len": null, "string1": "", "string2": "0", "tooltip": "", "typ": null, "url": "", "user_exit": "", "visible_len": 20, "x_position": 20, "y_position": 20, "zeilen": null}},
      {"PRIMARY_KEYS": {"attribut": "mapped_customer_name", "name": "change_request_bug", "role_id": "public"}, "DATA": {"alignment": 0, "as_configured": 0, "beschriftung_cs": "", "beschriftung_d": "", "beschriftung_f": "", "beschriftung_i": "", "beschriftung_ja": "", "beschriftung_ko": "", "beschriftung_pl": "", "beschriftung_pt": "", "beschriftung_s": "", "beschriftung_tr": "", "beschriftung_uk": "Customer", "beschriftung_zh": "", "cdb_module_id": "tickets.plm", "deactivated": 0, "dflt": "", "farbe": null, "gross_klein": null, "hidden": 0, "itemtyp": 0, "katalog": "MappedCustomerCatalog", "mask_index": 130, "monospaced": 0, "mussfeld": 0, "read_only": 2, "resize_mode": null, "rs_obj_link": "cr_customer_rel", "stored_len": null, "string1": "", "string2": "0", "tooltip": "", "typ": null, "url": "", "user_exit": "", "visible_len": 20, "x_position": 20, "y_position": 260, "zeilen": null}},
      {"PRIMARY_KEYS": {"attribut": "placeholder", "name": "change_request_bug", "role_id": "public"}, "DATA": {"alignment": 0, "as_configured": 0, "beschriftung_cs": "", "beschriftung_d": "", "beschriftung_f": "", "beschriftung_i": "", "beschriftung_ja": "", "beschriftung_ko": "", "beschriftung_pl": "", "beschriftung_pt": "", "beschriftung_s": "", "beschriftung_tr": "", "beschriftung_uk": "", "beschriftung_zh": "", "cdb_module_id": "tickets.plm", "deactivated": 0, "dflt": "", "farbe": null, "gross_klein": null, "hidden": 0, "itemtyp": 15, "katalog": "", "mask_index": 270, "monospaced": 0, "mussfeld": 0, "read_only": 0, "resize_mode": null, "rs_obj_link": "", "stored_len": null, "string1": "", "string2": "0", "tooltip": "", "typ": null, "url": "", "user_exit": "", "visible_len": 20, "x_position": 20, "y_position": 170, "zeilen": null}},
      {"PRIMARY_KEYS": {"attribut": "placeholder2", "name": "change_request_bug", "role_id": "public"}, "DATA": {"alignment": 0, "as_configured": 0, "beschriftung_cs": "", "beschriftung_d": "", "beschriftung_f": "", "beschriftung_i": "", "beschriftung_ja": "", "beschriftung_ko": "", "beschriftung_pl": "", "beschriftung_pt": "", "beschriftung_s": "", "beschriftung_tr": "", "beschriftung_uk": "", "beschriftung_zh": "", "cdb_module_id": "tickets.plm", "deactivated": 0, "dflt": "", "farbe": null, "gross_klein": null, "hidden": 0, "itemtyp": 15, "katalog": "", "mask_index": 280, "monospaced": 0, "mussfeld": 0, "read_only": 0, "resize_mode": null, "rs_obj_link": "", "stored_len": null, "string1": "", "string2": "0", "tooltip": "", "typ": null, "url": "", "user_exit": "", "visible_len": 20, "x_position": 20, "y_position": 270, "zeilen": null}},
      {"PRIMARY_KEYS": {"attribut": "product_id", "name": "change_request_bug", "role_id": "public"}, "DATA": {"alignment": 0, "as_configured": 0, "beschriftung_cs": "", "beschriftung_d": "", "beschriftung_f": "", "beschriftung_i": "", "beschriftung_ja": "", "beschriftung_ko": "", "beschriftung_pl": "", "beschriftung_pt": "", "beschriftung_s": "", "beschriftung_tr": "", "beschriftung_uk": "", "beschriftung_zh": "", "cdb_module_id": "tickets.plm", "deactivated": 0, "dflt": "", "farbe": null, "gross_klein": null, "hidden": 1, "itemtyp": 0, "katalog": "", "mask_index": 40, "monospaced": 0, "mussfeld": 0, "read_only": 0, "resize_mode": null, "rs_obj_link": "", "stored_len": null, "string1": "", "string2": "0", "tooltip": "", "typ": null, "url": "", "user_exit": "", "visible_len": 20, "x_position": 20, "y_position": 80, "zeilen": null}},
      {"PRIMARY_KEYS": {"attribut": "product_name", "name": "change_request_bug", "role_id": "public"}, "DATA": {"alignment": 0, "as_configured": 0, "beschriftung_cs": "", "beschriftung_d": "", "beschriftung_f": "", "beschriftung_i": "", "beschriftung_ja": "", "beschriftung_ko": "", "beschriftung_pl": "", "beschriftung_pt": "", "beschriftung_s": "", "beschriftung_tr": "", "beschriftung_uk": "Product", "beschriftung_zh": "", "cdb_module_id": "tickets.plm", "deactivated": 0, "dflt": "", "farbe": null, "gross_klein": null, "hidden": 0, "itemtyp": 31, "katalog": "ProductCatalog", "mask_index": 50, "monospaced": 0, "mussfeld": 0, "read_only": 2, "resize_mode": null, "rs_obj_link": "cr_product_rel", "stored_len": null, "string1": "", "string2": "", "tooltip": "", "typ": null, "url": "", "user_exit": "", "visible_len": 20, "x_position": 20, "y_position": 100, "zeilen": null}},
      {"PRIMARY_KEYS": {"attribut": "reported_by", "name": "change_request_bug", "role_id": "public"}, "DATA": {"alignment": 0, "as_configured": 0, "beschriftung_cs": "", "beschriftung_d": "", "beschriftung_f": "", "beschriftung_i": "", "beschriftung_ja": "", "beschriftung_ko": "", "beschriftung_pl": "", "beschriftung_pt": "", "beschriftung_s": "", "beschriftung_tr": "", "beschriftung_uk": "", "beschriftung_zh": "", "cdb_module_id": "tickets.plm", "deactivated": 0, "dflt": "$name", "farbe": null, "gross_klein": null, "hidden": 0, "itemtyp": 0, "katalog": "ReportedByCatalog", "mask_index": 100, "monospaced": 0, "mussfeld": 0, "read_only": 2, "resize_mode": null, "rs_obj_link": "", "stored_len": null, "string1": "", "string2": "0", "tooltip": "", "typ": null, "url": "", "user_exit": "", "visible_len": 20, "x_position": 20, "y_position": 200, "zeilen": null}},
      {"PRIMARY_KEYS": {"attribut": "reported_on", "name": "change_request_bug", "role_id": "public"}, "DATA": {"alignment": 0, "as_configured": null, "beschriftung_cs": "", "beschriftung_d": "", "beschriftung_f": "", "beschriftung_i": "", "beschriftung_ja": "", "beschriftung_ko": "", "beschriftung_pl": "", "beschriftung_pt": "", "beschriftung_s": "", "beschriftung_tr": "", "beschriftung_uk": "", "beschriftung_zh": "", "cdb_module_id": "tickets.plm", "deactivated": 0, "dflt": "$date", "farbe": null, "gross_klein": null, "hidden": 0, "itemtyp": 20, "katalog": "", "mask_index": 110, "monospaced": null, "mussfeld": null, "read_only": 0, "resize_mode": null, "rs_obj_link": "", "stored_len": null, "string1": "", "string2": "", "tooltip": "", "typ": null, "url": "", "user_exit": "", "visible_len": 20, "x_position": 20, "y_position": 220, "zeilen": null}},
      {"PRIMARY_KEYS": {"attribut": "responsible", "name": "change_request_bug", "role_id": "public"}, "DATA": {"alignment": 0, "as_configured": 0, "beschriftung_cs": "", "beschriftung_d": "", "beschriftung_f": "", "beschriftung_i": "", "beschriftung_ja": "", "beschriftung_ko": "", "beschriftung_pl": "", "beschriftung_pt": "", "beschriftung_s": "", "beschriftung_tr": "", "beschriftung_uk": "Responsible", "beschriftung_zh": "", "cdb_module_id": "tickets.plm", "deactivated": 0, "dflt": "", "farbe": null, "gross_klein": null, "hidden": 0, "itemtyp": 0, "katalog": "ResponsibleCatalog", "mask_index": 290, "monospaced": 0, "mussfeld": 1, "read_only": 2, "resize_mode": null, "rs_obj_link": "cr_responsible_rel", "stored_len": null, "string1": "", "string2": "0", "tooltip": "", "typ": null, "url": "", "user_exit": "", "visible_len": 20, "x_position": 20, "y_position": 120, "zeilen": null}},
      {"PRIMARY_KEYS": {"attribut": "severity", "name": "change_request_bug", "role_id": "public"}, "DATA": {"alignment": 0, "as_configured": 0, "beschriftung_cs": null, "beschriftung_d": "Schweregrad", "beschriftung_f": null, "beschriftung_i": null, "beschriftung_ja": null, "beschriftung_ko": null, "beschriftung_pl": null, "beschriftung_pt": null, "beschriftung_s": null, "beschriftung_tr": null, "beschriftung_uk": "Severity", "beschriftung_zh": null, "cdb_module_id": "tickets.plm", "deactivated": 0, "dflt": "", "farbe": null, "gross_klein": null, "hidden": 0, "itemtyp": 0, "katalog": "SeverityCatalog", "mask_index": 300, "monospaced": 0, "mussfeld": 0, "read_only": 2, "resize_mode": null, "rs_obj_link": "", "stored_len": null, "string1": "", "string2": "0", "tooltip": "", "typ": null, "url": "", "user_exit": "", "visible_len": 20, "x_position": 20, "y_position": 160, "zeilen": null}},
      {"PRIMARY_KEYS": {"attribut": "severity_ranking", "name": "change_request_bug", "role_id": "public"}, "DATA": {"alignment": 0, "as_configured": 0, "beschriftung_cs": null, "beschriftung_d": "Schweregrad", "beschriftung_f": null, "beschriftung_i": null, "beschriftung_ja": null, "beschriftung_ko": null, "beschriftung_pl": null, "beschriftung_pt": null, "beschriftung_s": null, "beschriftung_tr": null, "beschriftung_uk": "Severity ranking", "beschriftung_zh": null, "cdb_module_id": "tickets.plm", "deactivated": 0, "dflt": "", "farbe": null, "gross_klein": null, "hidden": 0, "itemtyp": 0, "katalog": "", "mask_index": 310, "monospaced": 0, "mussfeld": 0, "read_only": 1, "resize_mode": null, "rs_obj_link": "", "stored_len": null, "string1": "", "string2": "0", "tooltip": "", "typ": null, "url": "", "user_exit": "", "visible_len": 20, "x_position": 40, "y_position": 160, "zeilen": null}},
      {"PRIMARY_KEYS": {"attribut": "solution4_txt", "name": "change_request_bug", "role_id": "public"}, "DATA": {"alignment": 0, "as_configured": null, "beschriftung_cs": "", "beschriftung_d": "", "beschriftung_f": "", "beschriftung_i": "", "beschriftung_ja": "", "beschriftung_ko": "", "beschriftung_pl": "", "beschriftung_pt": "", "beschriftung_s": "", "beschriftung_tr": "", "beschriftung_uk": "", "beschriftung_zh": "", "cdb_module_id": "tickets.plm", "deactivated": 0, "dflt": "", "farbe": null, "gross_klein": null, "hidden": 0, "itemtyp": 11, "katalog": "", "mask_index": 200, "monospaced": null, "mussfeld": null, "read_only": 0, "resize_mode": null, "rs_obj_link": "", "stored_len": null, "string1": "", "string2": "", "tooltip": "", "typ": null, "url": "", "user_exit": "", "visible_len": 40, "x_position": 20, "y_position": 400, "zeilen": 5}},
      {"PRIMARY_KEYS": {"attribut": "status", "name": "change_request_bug", "role_id": "public"}, "DATA": {"alignment": 0, "as_configured": 0, "beschriftung_cs": "", "beschriftung_d": "", "beschriftung_f": "", "beschriftung_i": "", "beschriftung_ja": "", "beschriftung_ko": "", "beschriftung_pl": "", "beschriftung_pt": "", "beschriftung_s": "", "beschriftung_tr": "", "beschriftung_uk": "", "beschriftung_zh": "", "cdb_module_id": "tickets.plm", "deactivated": 0, "dflt": "", "farbe": null, "gross_klein": null, "hidden": 1, "itemtyp": 0, "katalog": "", "mask_index": 140, "monospaced": 0, "mussfeld": 0, "read_only": 0, "resize_mode": null, "rs_obj_link": "", "stored_len": null, "string1": "", "string2": "0", "tooltip": "", "typ": null, "url": "", "user_exit": "", "visible_len": 10, "x_position": 20, "y_position": 280, "zeilen": null}},
      {"PRIMARY_KEYS": {"attribut": "title", "name": "change_request_bug", "role_id": "public"}, "DATA": {"alignment": 0, "as_configured": 0, "beschriftung_cs": "", "beschriftung_d": "", "beschriftung_f": "", "beschriftung_i": "", "beschriftung_ja": "", "beschriftung_ko": "", "beschriftung_pl": "", "beschriftung_pt": "", "beschriftung_s": "", "beschriftung_tr": "", "beschriftung_uk": "", "beschriftung_zh": "", "cdb_module_id": "tickets.plm", "deactivated": 0, "dflt": "", "farbe": null, "gross_klein": null, "hidden": 0, "itemtyp": 0, "katalog": "", "mask_index": 30, "monospaced": 0, "mussfeld": 0, "read_only": 0, "resize_mode": null, "rs_obj_link": "", "stored_len": null, "string1": "", "string2": "0", "tooltip": "", "typ": null, "url": "", "user_exit": "", "visible_len": 40, "x_position": 20, "y_position": 60, "zeilen": null}},
      {"PRIMARY_KEYS": {"attribut": "benefit_txt", "name": "change_request_feature", "role_id": "public"}, "DATA": {"alignment": 0, "as_configured": 0, "beschriftung_cs": null, "beschriftung_d": "Nutzen Sie", "beschriftung_f": null, "beschriftung_i": null, "beschriftung_ja": null, "beschriftung_ko": null, "beschriftung_pl": null, "beschriftung_pt": null, "beschriftung_s": null, "beschriftung_tr": null, "beschriftung_uk": "Benefit", "beschriftung_zh": null, "cdb_module_id": "tickets.plm", "deactivated": 0, "dflt": "", "farbe": null, "gross_klein": null, "hidden": 0, "itemtyp": 11, "katalog": "", "mask_index": 300, "monospaced": 0, "mussfeld": 0, "read_only": 0, "resize_mode": null, "rs_obj_link": "", "stored_len": null, "string1": "", "string2": "0", "tooltip": "", "typ": null, "url": "", "user_exit": "", "visible_len": 20, "x_position": 20, "y_position": 390, "zeilen": null}},
      {"PRIMARY_KEYS": {"attribut": "button_fmt", "name": "change_request_feature", "role_id": "public"}, "DATA": {"alignment": 0, "as_configured": 0, "beschriftung_cs": "", "beschriftung_d": "von mir heute", "beschriftung_f": "", "beschriftung_i": "", "beschriftung_ja": "", "beschriftung_ko": "", "beschriftung_pl": "", "beschriftung_pt": "", "beschriftung_s": "", "beschriftung_tr": "", "beschriftung_uk": "From me today", "beschriftung_zh": "", "cdb_module_id": "tickets.plm", "deactivated": 0, "dflt": "", "farbe": null, "gross_klein": null, "hidden": 0, "itemtyp": 13, "katalog": "", "mask_index": 270, "monospaced": 0, "mussfeld": 0, "read_only": 0, "resize_mode": null, "rs_obj_link": "", "stored_len": null, "string1": "", "string2": "0", "tooltip": "", "typ": null, "url": "", "user_exit": "", "visible_len": 20, "x_position": 20, "y_position": 340, "zeilen": null}},
      {"PRIMARY_KEYS": {"attribut": "cdb_status_txt", "name": "change_request_feature", "role_id": "public"}, "DATA": {"alignment": 0, "as_configured": 0, "beschriftung_cs": "", "beschriftung_d": "", "beschriftung_f": "", "beschriftung_i": "", "beschriftung_ja": "", "beschriftung_ko": "", "beschriftung_pl": "", "beschriftung_pt": "", "beschriftung_s": "", "beschriftung_tr": "", "beschriftung_uk": "Status", "beschriftung_zh": "", "cdb_module_id": "tickets.plm", "deactivated": 0, "dflt": "", "farbe": null, "gross_klein": null, "hidden": 0, "itemtyp": 0, "katalog": "", "mask_index": 150, "monospaced": 0, "mussfeld": 0, "read_only": 1, "resize_mode": null, "rs_obj_link": "", "stored_len": null, "string1": "", "string2": "0", "tooltip": "", "typ": null, "url": "", "user_exit": "", "visible_len": 20, "x_position": 20, "y_position": 300, "zeilen": null}},
      {"PRIMARY_KEYS": {"attribut": "change_number", "name": "change_request_feature", "role_id": "public"}, "DATA": {"alignment": 0, "as_configured": 0, "beschriftung_cs": "", "beschriftung_d": "", "beschriftung_f": "", "beschriftung_i": "", "beschriftung_ja": "", "beschriftung_ko": "", "beschriftung_pl": "", "beschriftung_pt": "", "beschriftung_s": "", "beschriftung_tr": "", "beschriftung_uk": "", "beschriftung_zh": "", "cdb_module_id": "tickets.plm", "deactivated": 0, "dflt": "", "farbe": null, "gross_klein": null, "hidden": 1, "itemtyp": 0, "katalog": "", "mask_index": 180, "monospaced": 0, "mussfeld": 0, "read_only": 0, "resize_mode": null, "rs_obj_link": "", "stored_len": null, "string1": "", "string2": "0", "tooltip": "", "typ": null, "url": "", "user_exit": "", "visible_len": 20, "x_position": 20, "y_position": 360, "zeilen": null}},
      {"PRIMARY_KEYS": {"attribut": "classification", "name": "change_request_feature", "role_id": "public"}, "DATA": {"alignment": 0, "as_configured": 0, "beschriftung_cs": "", "beschriftung_d": "", "beschriftung_f": "", "beschriftung_i": "", "beschriftung_ja": "", "beschriftung_ko": "", "beschriftung_pl": "", "beschriftung_pt": "", "beschriftung_s": "", "beschriftung_tr": "", "beschriftung_uk": "Classification", "beschriftung_zh": "", "cdb_module_id": "tickets.plm", "deactivated": 0, "dflt": "", "farbe": null, "gross_klein": null, "hidden": 0, "itemtyp": 4, "katalog": "ClassificationCatalog", "mask_index": 220, "monospaced": 0, "mussfeld": 1, "read_only": 2, "resize_mode": null, "rs_obj_link": "", "stored_len": null, "string1": "", "string2": "0", "tooltip": "", "typ": null, "url": "", "user_exit": "", "visible_len": 20, "x_position": 40, "y_position": 20, "zeilen": null}},
      {"PRIMARY_KEYS": {"attribut": "customer", "name": "change_request_feature", "role_id": "public"}, "DATA": {"alignment": 0, "as_configured": 0, "beschriftung_cs": "", "beschriftung_d": "", "beschriftung_f": "", "beschriftung_i": "", "beschriftung_ja": "", "beschriftung_ko": "", "beschriftung_pl": "", "beschriftung_pt": "", "beschriftung_s": "", "beschriftung_tr": "", "beschriftung_uk": "", "beschriftung_zh": "", "cdb_module_id": "tickets.plm", "deactivated": 0, "dflt": "", "farbe": null, "gross_klein": null, "hidden": 1, "itemtyp": 0, "katalog": "", "mask_index": 120, "monospaced": 0, "mussfeld": 0, "read_only": 0, "resize_mode": null, "rs_obj_link": "", "stored_len": null, "string1": "", "string2": "0", "tooltip": "", "typ": null, "url": "", "user_exit": "", "visible_len": 20, "x_position": 20, "y_position": 240, "zeilen": null}},
      {"PRIMARY_KEYS": {"attribut": "description4_txt", "name": "change_request_feature", "role_id": "public"}, "DATA": {"alignment": 0, "as_configured": 0, "beschriftung_cs": "", "beschriftung_d": "", "beschriftung_f": "", "beschriftung_i": "", "beschriftung_ja": "", "beschriftung_ko": "", "beschriftung_pl": "", "beschriftung_pt": "", "beschriftung_s": "", "beschriftung_tr": "", "beschriftung_uk": "", "beschriftung_zh": "", "cdb_module_id": "tickets.plm", "deactivated": 0, "dflt": "## Actual behavior\n## Expected behavior\n## Steps to reproduce actual behavior", "farbe": null, "gross_klein": null, "hidden": 0, "itemtyp": 11, "katalog": "", "mask_index": 190, "monospaced": 0, "mussfeld": 0, "read_only": 0, "resize_mode": null, "rs_obj_link": "", "stored_len": null, "string1": "", "string2": "0", "tooltip": "", "typ": null, "url": "", "user_exit": "", "visible_len": 40, "x_position": 20, "y_position": 380, "zeilen": 5}},
      {"PRIMARY_KEYS": {"attribut": "feature_project_id", "name": "change_request_feature", "role_id": "public"}, "DATA": {"alignment": 0, "as_configured": 0, "beschriftung_cs": null, "beschriftung_d": "Merkmal Projekt-ID", "beschriftung_f": null, "beschriftung_i": null, "beschriftung_ja": null, "beschriftung_ko": null, "beschriftung_pl": null, "beschriftung_pt": null, "beschriftung_s": null, "beschriftung_tr": null, "beschriftung_uk": "Feature Project ID", "beschriftung_zh": null, "cdb_module_id": "tickets.plm", "deactivated": 0, "dflt": "", "farbe": null, "gross_klein": null, "hidden": 0, "itemtyp": 0, "katalog": "cdbpcs_projects", "mask_index": 310, "monospaced": 0, "mussfeld": 0, "read_only": 2, "resize_mode": null, "rs_obj_link": "", "stored_len": null, "string1": "", "string2": "", "tooltip": "", "typ": null, "url": "", "user_exit": "", "visible_len": 20, "x_position": 20, "y_position": 250, "zeilen": null}},
      {"PRIMARY_KEYS": {"attribut": "fixed_by", "name": "change_request_feature", "role_id": "public"}, "DATA": {"alignment": 0, "as_configured": 0, "beschriftung_cs": "", "beschriftung_d": "", "beschriftung_f": "", "beschriftung_i": "", "beschriftung_ja": "", "beschriftung_ko": "", "beschriftung_pl": "", "beschriftung_pt": "", "beschriftung_s": "", "beschriftung_tr": "", "beschriftung_uk": "by", "beschriftung_zh": "", "cdb_module_id": "tickets.plm", "deactivated": 0, "dflt": "", "farbe": null, "gross_klein": null, "hidden": 0, "itemtyp": 0, "katalog": "FixedByCatalog", "mask_index": 170, "monospaced": 0, "mussfeld": 0, "read_only": 2, "resize_mode": null, "rs_obj_link": "", "stored_len": null, "string1": "", "string2": "0", "tooltip": "", "typ": null, "url": "", "user_exit": "", "visible_len": 20, "x_position": 40, "y_position": 320, "zeilen": null}},
      {"PRIMARY_KEYS": {"attribut": "fixed_on", "name": "change_request_feature", "role_id": "public"}, "DATA": {"alignment": 0, "as_configured": null, "beschriftung_cs": "", "beschriftung_d": "", "beschriftung_f": "", "beschriftung_i": "", "beschriftung_ja": "", "beschriftung_ko": "", "beschriftung_pl": "", "beschriftung_pt": "", "beschriftung_s": "", "beschriftung_tr": "", "beschriftung_uk": "", "beschriftung_zh": "", "cdb_module_id": "tickets.plm", "deactivated": 0, "dflt": "", "farbe": null, "gross_klein": null, "hidden": 0, "itemtyp": 20, "katalog": "", "mask_index": 160, "monospaced": null, "mussfeld": null, "read_only": 0, "resize_mode": null, "rs_obj_link": "", "stored_len": null, "string1": "", "string2": "", "tooltip": "", "typ": null, "url": "", "user_exit": "", "visible_len": 20, "x_position": 20, "y_position": 320, "zeilen": null}},
      {"PRIMARY_KEYS": {"attribut": "id", "name": "change_request_feature", "role_id": "public"}, "DATA": {"alignment": 0, "as_configured": 0, "beschriftung_cs": "", "beschriftung_d": "", "beschriftung_f": "", "beschriftung_i": "", "beschriftung_ja": "", "beschriftung_ko": "", "beschriftung_pl": "", "beschriftung_pt": "", "beschriftung_s": "", "beschriftung_tr": "", "beschriftung_uk": "", "beschriftung_zh": "", "cdb_module_id": "tickets.plm", "deactivated": 0, "dflt": "", "farbe": null, "gross_klein": null, "hidden": 0, "itemtyp": 0, "katalog": "", "mask_index": 20, "monospaced": 0, "mussfeld": 1, "read_only": 0, "resize_mode": null, "rs_obj_link": "", "stored_len": null, "string1": "", "string2": "0", "tooltip": "", "typ": null, "url": "", "user_exit": "", "visible_len": 20, "x_position": 20, "y_position": 20, "zeilen": null}},
      {"PRIMARY_KEYS": {"attribut": "mapped_customer_name", "name": "change_request_feature", "role_id": "public"}, "DATA": {"alignment": 0, "as_configured": 0, "beschriftung_cs": "", "beschriftung_d": "", "beschriftung_f": "", "beschriftung_i": "", "beschriftung_ja": "", "beschriftung_ko": "", "beschriftung_pl": "", "beschriftung_pt": "", "beschriftung_s": "", "beschriftung_tr": "", "beschriftung_uk": "Customer", "beschriftung_zh": "", "cdb_module_id": "tickets.plm", "deactivated": 0, "dflt": "", "farbe": null, "gross_klein": null, "hidden": 0, "itemtyp": 0, "katalog": "MappedCustomerCatalog", "mask_index": 130, "monospaced": 0, "mussfeld": 0, "read_only": 2, "resize_mode": null, "rs_obj_link": "cr_customer_rel", "stored_len": null, "string1": "", "string2": "0", "tooltip": "", "typ": null, "url": "", "user_exit": "", "visible_len": 20, "x_position": 20, "y_position": 260, "zeilen": null}},
      {"PRIMARY_KEYS": {"attribut": "placeholder", "name": "change_request_feature", "role_id": "public"}, "DATA": {"alignment": 0, "as_configured": 0, "beschriftung_cs": "", "beschriftung_d": "", "beschriftung_f": "", "beschriftung_i": "", "beschriftung_ja": "", "beschriftung_ko": "", "beschriftung_pl": "", "beschriftung_pt": "", "beschriftung_s": "", "beschriftung_tr": "", "beschriftung_uk": "", "beschriftung_zh": "", "cdb_module_id": "tickets.plm", "deactivated": 0, "dflt": "", "farbe": null, "gross_klein": null, "hidden": 0, "itemtyp": 15, "katalog": "", "mask_index": 270, "monospaced": 0, "mussfeld": 0, "read_only": 0, "resize_mode": null, "rs_obj_link": "", "stored_len": null, "string1": "", "string2": "0", "tooltip": "", "typ": null, "url": "", "user_exit": "", "visible_len": 20, "x_position": 20, "y_position": 170, "zeilen": null}},
      {"PRIMARY_KEYS": {"attribut": "placeholder2", "name": "change_request_feature", "role_id": "public"}, "DATA": {"alignment": 0, "as_configured": 0, "beschriftung_cs": "", "beschriftung_d": "", "beschriftung_f": "", "beschriftung_i": "", "beschriftung_ja": "", "beschriftung_ko": "", "beschriftung_pl": "", "beschriftung_pt": "", "beschriftung_s": "", "beschriftung_tr": "", "beschriftung_uk": "", "beschriftung_zh": "", "cdb_module_id": "tickets.plm", "deactivated": 0, "dflt": "", "farbe": null, "gross_klein": null, "hidden": 0, "itemtyp": 15, "katalog": "", "mask_index": 280, "monospaced": 0, "mussfeld": 0, "read_only": 0, "resize_mode": null, "rs_obj_link": "", "stored_len": null, "string1": "", "string2": "0", "tooltip": "", "typ": null, "url": "", "user_exit": "", "visible_len": 20, "x_position": 20, "y_position": 270, "zeilen": null}},
      {"PRIMARY_KEYS": {"attribut": "product_id", "name": "change_request_feature", "role_id": "public"}, "DATA": {"alignment": 0, "as_configured": 0, "beschriftung_cs": "", "beschriftung_d": "", "beschriftung_f": "", "beschriftung_i": "", "beschriftung_ja": "", "beschriftung_ko": "", "beschriftung_pl": "", "beschriftung_pt": "", "beschriftung_s": "", "beschriftung_tr": "", "beschriftung_uk": "", "beschriftung_zh": "", "cdb_module_id": "tickets.plm", "deactivated": 0, "dflt": "", "farbe": null, "gross_klein": null, "hidden": 1, "itemtyp": 0, "katalog": "", "mask_index": 40, "monospaced": 0, "mussfeld": 0, "read_only": 0, "resize_mode": null, "rs_obj_link": "", "stored_len": null, "string1": "", "string2": "0", "tooltip": "", "typ": null, "url": "", "user_exit": "", "visible_len": 20, "x_position": 20, "y_position": 80, "zeilen": null}},
      {"PRIMARY_KEYS": {"attribut": "product_name", "name": "change_request_feature", "role_id": "public"}, "DATA": {"alignment": 0, "as_configured": 0, "beschriftung_cs": "", "beschriftung_d": "", "beschriftung_f": "", "beschriftung_i": "", "beschriftung_ja": "", "beschriftung_ko": "", "beschriftung_pl": "", "beschriftung_pt": "", "beschriftung_s": "", "beschriftung_tr": "", "beschriftung_uk": "Product", "beschriftung_zh": "", "cdb_module_id": "tickets.plm", "deactivated": 0, "dflt": "", "farbe": null, "gross_klein": null, "hidden": 0, "itemtyp": 31, "katalog": "ProductCatalog", "mask_index": 50, "monospaced": 0, "mussfeld": 0, "read_only": 2, "resize_mode": null, "rs_obj_link": "cr_product_rel", "stored_len": null, "string1": "", "string2": "", "tooltip": "", "typ": null, "url": "", "user_exit": "", "visible_len": 20, "x_position": 20, "y_position": 100, "zeilen": null}},
      {"PRIMARY_KEYS": {"attribut": "reported_by", "name": "change_request_feature", "role_id": "public"}, "DATA": {"alignment": 0, "as_configured": 0, "beschriftung_cs": "", "beschriftung_d": "", "beschriftung_f": "", "beschriftung_i": "", "beschriftung_ja": "", "beschriftung_ko": "", "beschriftung_pl": "", "beschriftung_pt": "", "beschriftung_s": "", "beschriftung_tr": "", "beschriftung_uk": "", "beschriftung_zh": "", "cdb_module_id": "tickets.plm", "deactivated": 0, "dflt": "$name", "farbe": null, "gross_klein": null, "hidden": 0, "itemtyp": 0, "katalog": "ReportedByCatalog", "mask_index": 100, "monospaced": 0, "mussfeld": 0, "read_only": 2, "resize_mode": null, "rs_obj_link": "", "stored_len": null, "string1": "", "string2": "0", "tooltip": "", "typ": null, "url": "", "user_exit": "", "visible_len": 20, "x_position": 20, "y_position": 200, "zeilen": null}},
      {"PRIMARY_KEYS": {"attribut": "reported_on", "name": "change_request_feature", "role_id": "public"}, "DATA": {"alignment": 0, "as_configured": null, "beschriftung_cs": "", "beschriftung_d": "", "beschriftung_f": "", "beschriftung_i": "", "beschriftung_ja": "", "beschriftung_ko": "", "beschriftung_pl": "", "beschriftung_pt": "", "beschriftung_s": "", "beschriftung_tr": "", "beschriftung_uk": "", "beschriftung_zh": "", "cdb_module_id": "tickets.plm", "deactivated": 0, "dflt": "$date", "farbe": null, "gross_klein": null, "hidden": 0, "itemtyp": 20, "katalog": "", "mask_index": 110, "monospaced": null, "mussfeld": null, "read_only": 0, "resize_mode": null, "rs_obj_link": "", "stored_len": null, "string1": "", "string2": "", "tooltip": "", "typ": null, "url": "", "user_exit": "", "visible_len": 20, "x_position": 20, "y_position": 220, "zeilen": null}},
      {"PRIMARY_KEYS": {"attribut": "responsible", "name": "change_request_feature", "role_id": "public"}, "DATA": {"alignment": 0, "as_configured": 0, "beschriftung_cs": "", "beschriftung_d": "", "beschriftung_f": "", "beschriftung_i": "", "beschriftung_ja": "", "beschriftung_ko": "", "beschriftung_pl": "", "beschriftung_pt": "", "beschriftung_s": "", "beschriftung_tr": "", "beschriftung_uk": "Responsible", "beschriftung_zh": "", "cdb_module_id": "tickets.plm", "deactivated": 0, "dflt": "", "farbe": null, "gross_klein": null, "hidden": 0, "itemtyp": 0, "katalog": "ResponsibleCatalog", "mask_index": 290, "monospaced": 0, "mussfeld": 1, "read_only": 2, "resize_mode": null, "rs_obj_link": "cr_responsible_rel", "stored_len": null, "string1": "", "string2": "0", "tooltip": "", "typ": null, "url": "", "user_exit": "", "visible_len": 20, "x_position": 20, "y_position": 120, "zeilen": null}},
      {"PRIMARY_KEYS": {"attribut": "severity", "name": "change_request_feature", "role_id": "public"}, "DATA": {"alignment": 0, "as_configured": 0, "beschriftung_cs": null, "beschriftung_d": "Schweregrad", "beschriftung_f": null, "beschriftung_i": null, "beschriftung_ja": null, "beschriftung_ko": null, "beschriftung_pl": null, "beschriftung_pt": null, "beschriftung_s": null, "beschriftung_tr": null, "beschriftung_uk": "Severity", "beschriftung_zh": null, "cdb_module_id": "tickets.plm", "deactivated": 0, "dflt": "", "farbe": null, "gross_klein": null, "hidden": 0, "itemtyp": 0, "katalog": "SeverityCatalog", "mask_index": 320, "monospaced": 0, "mussfeld": 0, "read_only": 2, "resize_mode": null, "rs_obj_link": "", "stored_len": null, "string1": "", "string2": "0", "tooltip": "", "typ": null, "url": "", "user_exit": "", "visible_len": 20, "x_position": 20, "y_position": 160, "zeilen": null}},
      {"PRIMARY_KEYS": {"attribut": "severity_ranking", "name": "change_request_feature", "role_id": "public"}, "DATA": {"alignment": 0, "as_configured": 0, "beschriftung_cs": null, "beschriftung_d": "", "beschriftung_f": null, "beschriftung_i": null, "beschriftung_ja": null, "beschriftung_ko": null, "beschriftung_pl": null, "beschriftung_pt": null, "beschriftung_s": null, "beschriftung_tr": null, "beschriftung_uk": "Severity ranking", "beschriftung_zh": null, "cdb_module_id": "tickets.plm", "deactivated": 0, "dflt": "", "farbe": null, "gross_klein": null, "hidden": 0, "itemtyp": 0, "katalog": "", "mask_index": 330, "monospaced": 0, "mussfeld": 0, "read_only": 1, "resize_mode": null, "rs_obj_link": "", "stored_len": null, "string1": "", "string2": "0", "tooltip": "", "typ": null, "url": "", "user_exit": "", "visible_len": 20, "x_position": 40, "y_position": 160, "zeilen": null}},
      {"PRIMARY_KEYS": {"attribut": "solution4_txt", "name": "change_request_feature", "role_id": "public"}, "DATA": {"alignment": 0, "as_configured": null, "beschriftung_cs": "", "beschriftung_d": "", "beschriftung_f": "", "beschriftung_i": "", "beschriftung_ja": "", "beschriftung_ko": "", "beschriftung_pl": "", "beschriftung_pt": "", "beschriftung_s": "", "beschriftung_tr": "", "beschriftung_uk": "", "beschriftung_zh": "", "cdb_module_id": "tickets.plm", "deactivated": 0, "dflt": "", "farbe": null, "gross_klein": null, "hidden": 0, "itemtyp": 11, "katalog": "", "mask_index": 200, "monospaced": null, "mussfeld": null, "read_only": 0, "resize_mode": null, "rs_obj_link": "", "stored_len": null, "string1": "", "string2": "", "tooltip": "", "typ": null, "url": "", "user_exit": "", "visible_len": 40, "x_position": 20, "y_position": 400, "zeilen": 5}},
      {"PRIMARY_KEYS": {"attribut": "status", "name": "change_request_feature", "role_id": "public"}, "DATA": {"alignment": 0, "as_configured": 0, "beschriftung_cs": "", "beschriftung_d": "", "beschriftung_f": "", "beschriftung_i": "", "beschriftung_ja": "", "beschriftung_ko": "", "beschriftung_pl": "", "beschriftung_pt": "", "beschriftung_s": "", "beschriftung_tr": "", "beschriftung_uk": "", "beschriftung_zh": "", "cdb_module_id": "tickets.plm", "deactivated": 0, "dflt": "", "farbe": null, "gross_klein": null, "hidden": 1, "itemtyp": 0, "katalog": "", "mask_index": 140, "monospaced": 0, "mussfeld": 0, "read_only": 0, "resize_mode": null, "rs_obj_link": "", "stored_len": null, "string1": "", "string2": "0", "tooltip": "", "typ": null, "url": "", "user_exit": "", "visible_len": 10, "x_position": 20, "y_position": 280, "zeilen": null}},
      {"PRIMARY_KEYS": {"attribut": "title", "name": "change_request_feature", "role_id": "public"}, "DATA": {"alignment": 0, "as_configured": 0, "beschriftung_cs": "", "beschriftung_d": "", "beschriftung_f": "", "beschriftung_i": "", "beschriftung_ja": "", "beschriftung_ko": "", "beschriftung_pl": "", "beschriftung_pt": "", "beschriftung_s": "", "beschriftung_tr": "", "beschriftung_uk": "", "beschriftung_zh": "", "cdb_module_id": "tickets.plm", "deactivated": 0, "dflt": "", "farbe": null, "gross_klein": null, "hidden": 0, "itemtyp": 0, "katalog": "", "mask_index": 30, "monospaced": 0, "mussfeld": 0, "read_only": 0, "resize_mode": null, "rs_obj_link": "", "stored_len": null, "string1": "", "string2": "0", "tooltip": "", "typ": null, "url": "", "user_exit": "", "visible_len": 40, "x_position": 20, "y_position": 60, "zeilen": null}},
      {"PRIMARY_KEYS": {"attribut": "classification_name", "name": "classification_types", "role_id": "public"}, "DATA": {"alignment": 0, "as_configured": 0, "beschriftung_cs": null, "beschriftung_d": "Klassifizierungsname", "beschriftung_f": null, "beschriftung_i": null, "beschriftung_ja": null, "beschriftung_ko": null, "beschriftung_pl": null, "beschriftung_pt": null, "beschriftung_s": null, "beschriftung_tr": null, "beschriftung_uk": "classification_name", "beschriftung_zh": null, "cdb_module_id": "tickets.plm", "deactivated": 0, "dflt": null, "farbe": null, "gross_klein": null, "hidden": 0, "itemtyp": 0, "katalog": null, "mask_index": 10, "monospaced": 0, "mussfeld": 0, "read_only": 0, "resize_mode": null, "rs_obj_link": null, "stored_len": null, "string1": null, "string2": "0", "tooltip": null, "typ": null, "url": null, "user_exit": null, "visible_len": 20, "x_position": 20, "y_position": 20, "zeilen": null}},
      {"PRIMARY_KEYS": {"attribut": "cdb_status_txt", "name": "technical_debt", "role_id": "public"}, "DATA": {"alignment": 0, "as_configured": null, "beschriftung_cs": null, "beschriftung_d": null, "beschriftung_f": null, "beschriftung_i": null, "beschriftung_ja": null, "beschriftung_ko": null, "beschriftung_pl": null, "beschriftung_pt": null, "beschriftung_s": null, "beschriftung_tr": null, "beschriftung_uk": null, "beschriftung_zh": null, "cdb_module_id": "tickets.plm", "deactivated": 0, "dflt": null, "farbe": null, "gross_klein": null, "hidden": 0, "itemtyp": 0, "katalog": null, "mask_index": 150, "monospaced": null, "mussfeld": null, "read_only": 1, "resize_mode": null, "rs_obj_link": null, "stored_len": null, "string1": null, "string2": null, "tooltip": null, "typ": null, "url": null, "user_exit": null, "visible_len": 20, "x_position": 20, "y_position": 300, "zeilen": null}},
      {"PRIMARY_KEYS": {"attribut": "change_number", "name": "technical_debt", "role_id": "public"}, "DATA": {"alignment": 0, "as_configured": null, "beschriftung_cs": null, "beschriftung_d": null, "beschriftung_f": null, "beschriftung_i": null, "beschriftung_ja": null, "beschriftung_ko": null, "beschriftung_pl": null, "beschriftung_pt": null, "beschriftung_s": null, "beschriftung_tr": null, "beschriftung_uk": null, "beschriftung_zh": null, "cdb_module_id": "tickets.plm", "deactivated": 0, "dflt": null, "farbe": null, "gross_klein": null, "hidden": 0, "itemtyp": 0, "katalog": null, "mask_index": 180, "monospaced": null, "mussfeld": null, "read_only": 0, "resize_mode": null, "rs_obj_link": null, "stored_len": null, "string1": null, "string2": null, "tooltip": null, "typ": null, "url": null, "user_exit": null, "visible_len": 20, "x_position": 20, "y_position": 360, "zeilen": null}},
      {"PRIMARY_KEYS": {"attribut": "customer", "name": "technical_debt", "role_id": "public"}, "DATA": {"alignment": 0, "as_configured": null, "beschriftung_cs": null, "beschriftung_d": null, "beschriftung_f": null, "beschriftung_i": null, "beschriftung_ja": null, "beschriftung_ko": null, "beschriftung_pl": null, "beschriftung_pt": null, "beschriftung_s": null, "beschriftung_tr": null, "beschriftung_uk": null, "beschriftung_zh": null, "cdb_module_id": "tickets.plm", "deactivated": 0, "dflt": null, "farbe": null, "gross_klein": null, "hidden": 0, "itemtyp": 0, "katalog": null, "mask_index": 120, "monospaced": null, "mussfeld": null, "read_only": 0, "resize_mode": null, "rs_obj_link": null, "stored_len": null, "string1": null, "string2": null, "tooltip": null, "typ": null, "url": null, "user_exit": null, "visible_len": 20, "x_position": 20, "y_position": 240, "zeilen": null}},
      {"PRIMARY_KEYS": {"attribut": "documentation_remark_txt", "name": "technical_debt", "role_id": "public"}, "DATA": {"alignment": 0, "as_configured": null, "beschriftung_cs": null, "beschriftung_d": null, "beschriftung_f": null, "beschriftung_i": null, "beschriftung_ja": null, "beschriftung_ko": null, "beschriftung_pl": null, "beschriftung_pt": null, "beschriftung_s": null, "beschriftung_tr": null, "beschriftung_uk": null, "beschriftung_zh": null, "cdb_module_id": "tickets.plm", "deactivated": 0, "dflt": null, "farbe": null, "gross_klein": null, "hidden": 0, "itemtyp": 11, "katalog": null, "mask_index": 190, "monospaced": null, "mussfeld": null, "read_only": 0, "resize_mode": null, "rs_obj_link": null, "stored_len": null, "string1": null, "string2": null, "tooltip": null, "typ": null, "url": null, "user_exit": null, "visible_len": 40, "x_position": 20, "y_position": 380, "zeilen": 5}},
      {"PRIMARY_KEYS": {"attribut": "fixed_by", "name": "technical_debt", "role_id": "public"}, "DATA": {"alignment": 0, "as_configured": null, "beschriftung_cs": null, "beschriftung_d": null, "beschriftung_f": null, "beschriftung_i": null, "beschriftung_ja": null, "beschriftung_ko": null, "beschriftung_pl": null, "beschriftung_pt": null, "beschriftung_s": null, "beschriftung_tr": null, "beschriftung_uk": null, "beschriftung_zh": null, "cdb_module_id": "tickets.plm", "deactivated": 0, "dflt": null, "farbe": null, "gross_klein": null, "hidden": 0, "itemtyp": 0, "katalog": null, "mask_index": 170, "monospaced": null, "mussfeld": null, "read_only": 0, "resize_mode": null, "rs_obj_link": null, "stored_len": null, "string1": null, "string2": null, "tooltip": null, "typ": null, "url": null, "user_exit": null, "visible_len": 20, "x_position": 20, "y_position": 340, "zeilen": null}},
      {"PRIMARY_KEYS": {"attribut": "fixed_on", "name": "technical_debt", "role_id": "public"}, "DATA": {"alignment": 0, "as_configured": null, "beschriftung_cs": null, "beschriftung_d": null, "beschriftung_f": null, "beschriftung_i": null, "beschriftung_ja": null, "beschriftung_ko": null, "beschriftung_pl": null, "beschriftung_pt": null, "beschriftung_s": null, "beschriftung_tr": null, "beschriftung_uk": null, "beschriftung_zh": null, "cdb_module_id": "tickets.plm", "deactivated": 0, "dflt": null, "farbe": null, "gross_klein": null, "hidden": 0, "itemtyp": 20, "katalog": null, "mask_index": 160, "monospaced": null, "mussfeld": null, "read_only": 0, "resize_mode": null, "rs_obj_link": null, "stored_len": null, "string1": null, "string2": null, "tooltip": null, "typ": null, "url": null, "user_exit": null, "visible_len": 20, "x_position": 20, "y_position": 320, "zeilen": null}},
      {"PRIMARY_KEYS": {"attribut": "id", "name": "technical_debt", "role_id": "public"}, "DATA": {"alignment": 0, "as_configured": 0, "beschriftung_cs": null, "beschriftung_d": null, "beschriftung_f": null, "beschriftung_i": null, "beschriftung_ja": null, "beschriftung_ko": null, "beschriftung_pl": null, "beschriftung_pt": null, "beschriftung_s": null, "beschriftung_tr": null, "beschriftung_uk": null, "beschriftung_zh": null, "cdb_module_id": "tickets.plm", "deactivated": 0, "dflt": null, "farbe": null, "gross_klein": null, "hidden": 0, "itemtyp": 0, "katalog": null, "mask_index": 20, "monospaced": 0, "mussfeld": 1, "read_only": 0, "resize_mode": null, "rs_obj_link": null, "stored_len": null, "string1": null, "string2": "0", "tooltip": null, "typ": null, "url": null, "user_exit": null, "visible_len": 20, "x_position": 20, "y_position": 40, "zeilen": null}},
      {"PRIMARY_KEYS": {"attribut": "mapped_customer_name", "name": "technical_debt", "role_id": "public"}, "DATA": {"alignment": 0, "as_configured": null, "beschriftung_cs": null, "beschriftung_d": null, "beschriftung_f": null, "beschriftung_i": null, "beschriftung_ja": null, "beschriftung_ko": null, "beschriftung_pl": null, "beschriftung_pt": null, "beschriftung_s": null, "beschriftung_tr": null, "beschriftung_uk": null, "beschriftung_zh": null, "cdb_module_id": "tickets.plm", "deactivated": 0, "dflt": null, "farbe": null, "gross_klein": null, "hidden": 0, "itemtyp": 0, "katalog": null, "mask_index": 130, "monospaced": null, "mussfeld": null, "read_only": 0, "resize_mode": null, "rs_obj_link": null, "stored_len": null, "string1": null, "string2": null, "tooltip": null, "typ": null, "url": null, "user_exit": null, "visible_len": 20, "x_position": 20, "y_position": 260, "zeilen": null}},
      {"PRIMARY_KEYS": {"attribut": "mapped_resp_name", "name": "technical_debt", "role_id": "public"}, "DATA": {"alignment": 0, "as_configured": null, "beschriftung_cs": null, "beschriftung_d": null, "beschriftung_f": null, "beschriftung_i": null, "beschriftung_ja": null, "beschriftung_ko": null, "beschriftung_pl": null, "beschriftung_pt": null, "beschriftung_s": null, "beschriftung_tr": null, "beschriftung_uk": null, "beschriftung_zh": null, "cdb_module_id": "tickets.plm", "deactivated": 0, "dflt": null, "farbe": null, "gross_klein": null, "hidden": 0, "itemtyp": 0, "katalog": null, "mask_index": 70, "monospaced": null, "mussfeld": null, "read_only": 0, "resize_mode": null, "rs_obj_link": null, "stored_len": null, "string1": null, "string2": null, "tooltip": null, "typ": null, "url": null, "user_exit": null, "visible_len": 20, "x_position": 20, "y_position": 140, "zeilen": null}},
      {"PRIMARY_KEYS": {"attribut": "product_id", "name": "technical_debt", "role_id": "public"}, "DATA": {"alignment": 0, "as_configured": null, "beschriftung_cs": null, "beschriftung_d": null, "beschriftung_f": null, "beschriftung_i": null, "beschriftung_ja": null, "beschriftung_ko": null, "beschriftung_pl": null, "beschriftung_pt": null, "beschriftung_s": null, "beschriftung_tr": null, "beschriftung_uk": null, "beschriftung_zh": null, "cdb_module_id": "tickets.plm", "deactivated": 0, "dflt": null, "farbe": null, "gross_klein": null, "hidden": 0, "itemtyp": 0, "katalog": null, "mask_index": 40, "monospaced": null, "mussfeld": null, "read_only": 0, "resize_mode": null, "rs_obj_link": null, "stored_len": null, "string1": null, "string2": null, "tooltip": null, "typ": null, "url": null, "user_exit": null, "visible_len": 20, "x_position": 20, "y_position": 80, "zeilen": null}},
      {"PRIMARY_KEYS": {"attribut": "product_name", "name": "technical_debt", "role_id": "public"}, "DATA": {"alignment": 0, "as_configured": null, "beschriftung_cs": null, "beschriftung_d": null, "beschriftung_f": null, "beschriftung_i": null, "beschriftung_ja": null, "beschriftung_ko": null, "beschriftung_pl": null, "beschriftung_pt": null, "beschriftung_s": null, "beschriftung_tr": null, "beschriftung_uk": null, "beschriftung_zh": null, "cdb_module_id": "tickets.plm", "deactivated": 0, "dflt": null, "farbe": null, "gross_klein": null, "hidden": 0, "itemtyp": 31, "katalog": null, "mask_index": 50, "monospaced": null, "mussfeld": null, "read_only": 0, "resize_mode": null, "rs_obj_link": null, "stored_len": null, "string1": null, "string2": null, "tooltip": null, "typ": null, "url": null, "user_exit": null, "visible_len": 20, "x_position": 20, "y_position": 100, "zeilen": null}},
      {"PRIMARY_KEYS": {"attribut": "reported_by", "name": "technical_debt", "role_id": "public"}, "DATA": {"alignment": 0, "as_configured": null, "beschriftung_cs": null, "beschriftung_d": null, "beschriftung_f": null, "beschriftung_i": null, "beschriftung_ja": null, "beschriftung_ko": null, "beschriftung_pl": null, "beschriftung_pt": null, "beschriftung_s": null, "beschriftung_tr": null, "beschriftung_uk": null, "beschriftung_zh": null, "cdb_module_id": "tickets.plm", "deactivated": 0, "dflt": null, "farbe": null, "gross_klein": null, "hidden": 0, "itemtyp": 0, "katalog": null, "mask_index": 100, "monospaced": null, "mussfeld": null, "read_only": 0, "resize_mode": null, "rs_obj_link": null, "stored_len": null, "string1": null, "string2": null, "tooltip": null, "typ": null, "url": null, "user_exit": null, "visible_len": 20, "x_position": 20, "y_position": 200, "zeilen": null}},
      {"PRIMARY_KEYS": {"attribut": "reported_on", "name": "technical_debt", "role_id": "public"}, "DATA": {"alignment": 0, "as_configured": null, "beschriftung_cs": null, "beschriftung_d": null, "beschriftung_f": null, "beschriftung_i": null, "beschriftung_ja": null, "beschriftung_ko": null, "beschriftung_pl": null, "beschriftung_pt": null, "beschriftung_s": null, "beschriftung_tr": null, "beschriftung_uk": null, "beschriftung_zh": null, "cdb_module_id": "tickets.plm", "deactivated": 0, "dflt": null, "farbe": null, "gross_klein": null, "hidden": 0, "itemtyp": 20, "katalog": null, "mask_index": 110, "monospaced": null, "mussfeld": null, "read_only": 0, "resize_mode": null, "rs_obj_link": null, "stored_len": null, "string1": null, "string2": null, "tooltip": null, "typ": null, "url": null, "user_exit": null, "visible_len": 20, "x_position": 20, "y_position": 220, "zeilen": null}},
      {"PRIMARY_KEYS": {"attribut": "responsible", "name": "technical_debt", "role_id": "public"}, "DATA": {"alignment": 0, "as_configured": null, "beschriftung_cs": null, "beschriftung_d": null, "beschriftung_f": null, "beschriftung_i": null, "beschriftung_ja": null, "beschriftung_ko": null, "beschriftung_pl": null, "beschriftung_pt": null, "beschriftung_s": null, "beschriftung_tr": null, "beschriftung_uk": null, "beschriftung_zh": null, "cdb_module_id": "tickets.plm", "deactivated": 0, "dflt": null, "farbe": null, "gross_klein": null, "hidden": 0, "itemtyp": 0, "katalog": null, "mask_index": 60, "monospaced": null, "mussfeld": null, "read_only": 0, "resize_mode": null, "rs_obj_link": null, "stored_len": null, "string1": null, "string2": null, "tooltip": null, "typ": null, "url": null, "user_exit": null, "visible_len": 20, "x_position": 20, "y_position": 120, "zeilen": null}},
      {"PRIMARY_KEYS": {"attribut": "severity", "name": "technical_debt", "role_id": "public"}, "DATA": {"alignment": 0, "as_configured": null, "beschriftung_cs": null, "beschriftung_d": null, "beschriftung_f": null, "beschriftung_i": null, "beschriftung_ja": null, "beschriftung_ko": null, "beschriftung_pl": null, "beschriftung_pt": null, "beschriftung_s": null, "beschriftung_tr": null, "beschriftung_uk": null, "beschriftung_zh": null, "cdb_module_id": "tickets.plm", "deactivated": 0, "dflt": null, "farbe": null, "gross_klein": null, "hidden": 0, "itemtyp": 0, "katalog": null, "mask_index": 80, "monospaced": null, "mussfeld": null, "read_only": 0, "resize_mode": null, "rs_obj_link": null, "stored_len": null, "string1": null, "string2": null, "tooltip": null, "typ": null, "url": null, "user_exit": null, "visible_len": 20, "x_position": 20, "y_position": 160, "zeilen": null}},
      {"PRIMARY_KEYS": {"attribut": "severity_ranking", "name": "technical_debt", "role_id": "public"}, "DATA": {"alignment": 0, "as_configured": null, "beschriftung_cs": null, "beschriftung_d": null, "beschriftung_f": null, "beschriftung_i": null, "beschriftung_ja": null, "beschriftung_ko": null, "beschriftung_pl": null, "beschriftung_pt": null, "beschriftung_s": null, "beschriftung_tr": null, "beschriftung_uk": null, "beschriftung_zh": null, "cdb_module_id": "tickets.plm", "deactivated": 0, "dflt": null, "farbe": null, "gross_klein": null, "hidden": 0, "itemtyp": 0, "katalog": null, "mask_index": 90, "monospaced": null, "mussfeld": null, "read_only": 0, "resize_mode": null, "rs_obj_link": null, "stored_len": null, "string1": null, "string2": null, "tooltip": null, "typ": null, "url": null, "user_exit": null, "visible_len": 20, "x_position": 20, "y_position": 180, "zeilen": null}},
      {"PRIMARY_KEYS": {"attribut": "status", "name": "technical_debt", "role_id": "public"}, "DATA": {"alignment": 0, "as_configured": null, "beschriftung_cs": null, "beschriftung_d": null, "beschriftung_f": null, "beschriftung_i": null, "beschriftung_ja": null, "beschriftung_ko": null, "beschriftung_pl": null, "beschriftung_pt": null, "beschriftung_s": null, "beschriftung_tr": null, "beschriftung_uk": null, "beschriftung_zh": null, "cdb_module_id": "tickets.plm", "deactivated": 0, "dflt": null, "farbe": null, "gross_klein": null, "hidden": 0, "itemtyp": 0, "katalog": null, "mask_index": 140, "monospaced": null, "mussfeld": null, "read_only": 0, "resize_mode": null, "rs_obj_link": null, "stored_len": null, "string1": null, "string2": null, "tooltip": null, "typ": null, "url": null, "user_exit": null, "visible_len": 10, "x_position": 20, "y_position": 280, "zeilen": null}},
      {"PRIMARY_KEYS": {"attribut": "title", "name": "technical_debt", "role_id": "public"}, "DATA": {"alignment": 0, "as_configured": null, "beschriftung_cs": null, "beschriftung_d": null, "beschriftung_f": null, "beschriftung_i": null, "beschriftung_ja": null, "beschriftung_ko": null, "beschriftung_pl": null, "beschriftung_pt": null, "beschriftung_s": null, "beschriftung_tr": null, "beschriftung_uk": null, "beschriftung_zh": null, "cdb_module_id": "tickets.plm", "deactivated": 0, "dflt": null, "farbe": null, "gross_klein": null, "hidden": 0, "itemtyp": 0, "katalog": null, "mask_index": 30, "monospaced": null, "mussfeld": null, "read_only": 0, "resize_mode": null, "rs_obj_link": null, "stored_len": null, "string1": null, "string2": null, "tooltip": null, "typ": null, "url": null, "user_exit": null, "visible_len": 20, "x_position": 20, "y_position": 60, "zeilen": null}}
    ],
    "CONTENT_DOMAIN": "",
    "UPDATE_POLICY": "ALWAYS UPDATED"
  }
}