{
  "objektstati": {
    "CONTENT": [
      {"PRIMARY_KEYS": {"objektart": "change_request", "statusnummer": 0}, "DATA": {"activity_enable_post_batch": 0, "activity_enable_post_interact": 0, "activity_wfstep_label": "", "cdb_module_id": "tickets.plm", "statusbemerk": "", "statusbez_cs": "", "statusbez_de": "Neu", "statusbez_en": "New", "statusbez_es": "", "statusbez_fr": "", "statusbez_it": "", "statusbez_ja": "", "statusbez_ko": "", "statusbez_pl": "", "statusbez_pt": "", "statusbez_tr": "", "statusbez_zh": "", "statusbezeich": "New", "statusfarbe": "", "statusrelease": 0}},
      {"PRIMARY_KEYS": {"objektart": "change_request", "statusnummer": 100}, "DATA": {"activity_enable_post_batch": 0, "activity_enable_post_interact": 0, "activity_wfstep_label": "", "cdb_module_id": "tickets.plm", "statusbemerk": "", "statusbez_cs": "", "statusbez_de": "Angenommen", "statusbez_en": "Accept", "statusbez_es": "", "statusbez_fr": "", "statusbez_it": "", "statusbez_ja": "", "statusbez_ko": "", "statusbez_pl": "", "statusbez_pt": "", "statusbez_tr": "", "statusbez_zh": "", "statusbezeich": "Accept", "statusfarbe": "", "statusrelease": 1}},
      {"PRIMARY_KEYS": {"objektart": "change_request", "statusnummer": 150}, "DATA": {"activity_enable_post_batch": 0, "activity_enable_post_interact": 0, "activity_wfstep_label": "", "cdb_module_id": "tickets.plm", "statusbemerk": "", "statusbez_cs": "", "statusbez_de": "Pr\u00fcfung", "statusbez_en": "Testing", "statusbez_es": "", "statusbez_fr": "", "statusbez_it": "", "statusbez_ja": "", "statusbez_ko": "", "statusbez_pl": "", "statusbez_pt": "", "statusbez_tr": "", "statusbez_zh": "", "statusbezeich": "Testing", "statusfarbe": "", "statusrelease": 0}},
      {"PRIMARY_KEYS": {"objektart": "change_request", "statusnummer": 200}, "DATA": {"activity_enable_post_batch": 0, "activity_enable_post_interact": 0, "activity_wfstep_label": "", "cdb_module_id": "tickets.plm", "statusbemerk": "", "statusbez_cs": "", "statusbez_de": "Closed", "statusbez_en": "Closed", "statusbez_es": "", "statusbez_fr": "", "statusbez_it": "", "statusbez_ja": "", "statusbez_ko": "", "statusbez_pl": "", "statusbez_pt": "", "statusbez_tr": "", "statusbez_zh": "", "statusbezeich": "Closed", "statusfarbe": "", "statusrelease": 1}},
      {"PRIMARY_KEYS": {"objektart": "change_request", "statusnummer": 50}, "DATA": {"activity_enable_post_batch": 0, "activity_enable_post_interact": 0, "activity_wfstep_label": "", "cdb_module_id": "tickets.plm", "statusbemerk": "", "statusbez_cs": "", "statusbez_de": "Im R\u00fcckblick", "statusbez_en": "In Review", "statusbez_es": "", "statusbez_fr": "", "statusbez_it": "", "statusbez_ja": "", "statusbez_ko": "", "statusbez_pl": "", "statusbez_pt": "", "statusbez_tr": "", "statusbez_zh": "", "statusbezeich": "In Review", "statusfarbe": "", "statusrelease": 0}}
    ],
    "CONTENT_DOMAIN": "ObjectLifeCycle",
    "UPDATE_POLICY": "OPTIONALLY UPDATED"
  }
}