{
  "statiflow": {
    "CONTENT": [
      {"PRIMARY_KEYS": {"iststatus": 0, "objektart": "change_request", "zielstatus": 50}, "DATA": {"acd_allow": "", "cdb_module_id": "tickets.plm", "internal_only": 0, "rang": 10, "user_exit": "", "verteiler": null}},
      {"PRIMARY_KEYS": {"iststatus": 100, "objektart": "change_request", "zielstatus": 150}, "DATA": {"acd_allow": "", "cdb_module_id": "tickets.plm", "internal_only": 0, "rang": 30, "user_exit": "", "verteiler": null}},
      {"PRIMARY_KEYS": {"iststatus": 150, "objektart": "change_request", "zielstatus": 200}, "DATA": {"acd_allow": "", "cdb_module_id": "tickets.plm", "internal_only": 0, "rang": 40, "user_exit": "", "verteiler": null}},
      {"PRIMARY_KEYS": {"iststatus": 50, "objektart": "change_request", "zielstatus": 100}, "DATA": {"acd_allow": "", "cdb_module_id": "tickets.plm", "internal_only": 0, "rang": 20, "user_exit": "", "verteiler": null}}
    ],
    "CONTENT_DOMAIN": "ObjectLifeCycle",
    "UPDATE_POLICY": "OPTIONALLY UPDATED"
  }
}