{
  "switch_tabelle": {
    "CONTENT": [
      {"PRIMARY_KEYS": {"classname": "Severity"}, "DATA": {"activity_create_label": "", "activity_createposting_channel": "", "activity_enable_sys_posting": 0, "activity_is_channel": 0, "activity_rule": "", "activity_sys_posting_on_create": 0, "base_cls": "", "cdb_classname": "cdb_class", "cdb_dflt_action": "CDB_ShowObject", "cdb_icon_id": "", "cdb_module_id": "tickets.plm", "cdb_objektart": "cdb_class", "cdb_objicon_id": "", "cdb_status_txt": "valid", "cdb_wflow_cls": "", "clss_descr_tag": "", "cs_beschriftung": null, "cs_ueberschrift": null, "d_beschriftung": "Schweregrad", "d_ueberschrift": "Schweregrad", "f_beschriftung": null, "f_ueberschrift": null, "filename_tmpl": "", "fqpyname": "tickets.plm.Severity", "has_files": 0, "i_beschriftung": null, "i_ueberschrift": null, "is_abstract": 0, "is_indexed": 0, "ja_beschriftung": null, "ja_ueberschrift": null, "ko_beschriftung": null, "ko_ueberschrift": null, "log_erp": null, "module_assignment_policy": 0, "pl_beschriftung": null, "pl_ueberschrift": null, "pt_beschriftung": null, "pt_ueberschrift": null, "recent_obj_flag": 1, "relation": "severity", "rest_api_active": 1, "rest_method_active": 1, "rest_visible_name": "severity", "s_beschriftung": null, "s_ueberschrift": null, "sorting": null, "status": 10, "tabelle": "Severity", "tr_beschriftung": null, "tr_ueberschrift": null, "type_selector_fqpyname": "", "uk_beschriftung": "Severity", "uk_ueberschrift": "Severity", "update_policy": 5, "zh_beschriftung": null, "zh_ueberschrift": null}},
      {"PRIMARY_KEYS": {"classname": "bug"}, "DATA": {"activity_create_label": "", "activity_createposting_channel": "", "activity_enable_sys_posting": 0, "activity_is_channel": 0, "activity_rule": "", "activity_sys_posting_on_create": 0, "base_cls": "change_request", "cdb_classname": "cdb_class", "cdb_dflt_action": "CDB_ShowObject", "cdb_icon_id": "", "cdb_module_id": "tickets.plm", "cdb_objektart": "cdb_class", "cdb_objicon_id": "", "cdb_status_txt": "valid", "cdb_wflow_cls": "", "clss_descr_tag": "", "cs_beschriftung": null, "cs_ueberschrift": null, "d_beschriftung": "Bug", "d_ueberschrift": "Bug", "f_beschriftung": null, "f_ueberschrift": null, "filename_tmpl": "", "fqpyname": "", "has_files": 0, "i_beschriftung": null, "i_ueberschrift": null, "is_abstract": 0, "is_indexed": 0, "ja_beschriftung": null, "ja_ueberschrift": null, "ko_beschriftung": null, "ko_ueberschrift": null, "log_erp": null, "module_assignment_policy": 0, "pl_beschriftung": null, "pl_ueberschrift": null, "pt_beschriftung": null, "pt_ueberschrift": null, "recent_obj_flag": 0, "relation": "bug_v", "rest_api_active": 0, "rest_method_active": 0, "rest_visible_name": "", "s_beschriftung": null, "s_ueberschrift": null, "sorting": null, "status": 10, "tabelle": "", "tr_beschriftung": null, "tr_ueberschrift": null, "type_selector_fqpyname": "", "uk_beschriftung": "Bug", "uk_ueberschrift": "Bug", "update_policy": 5, "zh_beschriftung": null, "zh_ueberschrift": null}},
      {"PRIMARY_KEYS": {"classname": "change_request"}, "DATA": {"activity_create_label": "", "activity_createposting_channel": "", "activity_enable_sys_posting": 0, "activity_is_channel": 0, "activity_rule": "", "activity_sys_posting_on_create": 0, "base_cls": "", "cdb_classname": "cdb_class", "cdb_dflt_action": "CDB_ShowObject", "cdb_icon_id": "", "cdb_module_id": "tickets.plm", "cdb_objektart": "cdb_class", "cdb_objicon_id": "", "cdb_status_txt": "valid", "cdb_wflow_cls": "change_request", "clss_descr_tag": "", "cs_beschriftung": null, "cs_ueberschrift": null, "d_beschriftung": "\u00c4nderungsantrag", "d_ueberschrift": "\u00c4nderungsantrag", "f_beschriftung": null, "f_ueberschrift": null, "filename_tmpl": "", "fqpyname": "tickets.plm.change_request.ChangeRequest", "has_files": 0, "i_beschriftung": null, "i_ueberschrift": null, "is_abstract": 0, "is_indexed": 0, "ja_beschriftung": null, "ja_ueberschrift": null, "ko_beschriftung": null, "ko_ueberschrift": null, "log_erp": null, "module_assignment_policy": 0, "pl_beschriftung": null, "pl_ueberschrift": null, "pt_beschriftung": null, "pt_ueberschrift": null, "recent_obj_flag": 1, "relation": "change_request_v", "rest_api_active": 1, "rest_method_active": 19, "rest_visible_name": "changerequest", "s_beschriftung": null, "s_ueberschrift": null, "sorting": null, "status": 10, "tabelle": "change_request", "tr_beschriftung": null, "tr_ueberschrift": null, "type_selector_fqpyname": "", "uk_beschriftung": "Change Request", "uk_ueberschrift": "Change Request", "update_policy": 5, "zh_beschriftung": null, "zh_ueberschrift": null}},
      {"PRIMARY_KEYS": {"classname": "classification_types"}, "DATA": {"activity_create_label": "", "activity_createposting_channel": "", "activity_enable_sys_posting": 0, "activity_is_channel": 0, "activity_rule": "", "activity_sys_posting_on_create": 0, "base_cls": "", "cdb_classname": "cdb_class", "cdb_dflt_action": "CDB_ShowObject", "cdb_icon_id": "", "cdb_module_id": "tickets.plm", "cdb_objektart": "cdb_class", "cdb_objicon_id": "", "cdb_status_txt": "valid", "cdb_wflow_cls": "", "clss_descr_tag": "", "cs_beschriftung": null, "cs_ueberschrift": null, "d_beschriftung": "Klassifizierungsarten", "d_ueberschrift": "Klassifizierungsarten", "f_beschriftung": null, "f_ueberschrift": null, "filename_tmpl": "", "fqpyname": "tickets.plm.ClassificationTypes", "has_files": 0, "i_beschriftung": null, "i_ueberschrift": null, "is_abstract": 0, "is_indexed": 0, "ja_beschriftung": null, "ja_ueberschrift": null, "ko_beschriftung": null, "ko_ueberschrift": null, "log_erp": null, "module_assignment_policy": 0, "pl_beschriftung": null, "pl_ueberschrift": null, "pt_beschriftung": null, "pt_ueberschrift": null, "recent_obj_flag": 1, "relation": "classification_types", "rest_api_active": 1, "rest_method_active": 19, "rest_visible_name": "classification-types", "s_beschriftung": null, "s_ueberschrift": null, "sorting": null, "status": 10, "tabelle": "classification_types", "tr_beschriftung": null, "tr_ueberschrift": null, "type_selector_fqpyname": "", "uk_beschriftung": "classification_types", "uk_ueberschrift": "classification_types", "update_policy": 5, "zh_beschriftung": null, "zh_ueberschrift": null}},
      {"PRIMARY_KEYS": {"classname": "cr_doc_rel"}, "DATA": {"activity_create_label": "", "activity_createposting_channel": "", "activity_enable_sys_posting": 0, "activity_is_channel": 0, "activity_rule": "", "activity_sys_posting_on_create": 0, "base_cls": "", "cdb_classname": "cdb_class", "cdb_dflt_action": "CDB_ShowObject", "cdb_icon_id": "", "cdb_module_id": "tickets.plm", "cdb_objektart": "cdb_class", "cdb_objicon_id": "", "cdb_status_txt": "valid", "cdb_wflow_cls": "", "clss_descr_tag": "", "cs_beschriftung": null, "cs_ueberschrift": null, "d_beschriftung": "Change Request Document Link Class", "d_ueberschrift": "Change Request Document Link Class", "f_beschriftung": null, "f_ueberschrift": null, "filename_tmpl": "", "fqpyname": "", "has_files": 0, "i_beschriftung": null, "i_ueberschrift": null, "is_abstract": 0, "is_indexed": 0, "ja_beschriftung": null, "ja_ueberschrift": null, "ko_beschriftung": null, "ko_ueberschrift": null, "log_erp": null, "module_assignment_policy": 0, "pl_beschriftung": null, "pl_ueberschrift": null, "pt_beschriftung": null, "pt_ueberschrift": null, "recent_obj_flag": 0, "relation": "cr_doc_rel", "rest_api_active": 0, "rest_method_active": 0, "rest_visible_name": "", "s_beschriftung": null, "s_ueberschrift": null, "sorting": null, "status": 10, "tabelle": "cr_doc_rel", "tr_beschriftung": null, "tr_ueberschrift": null, "type_selector_fqpyname": "", "uk_beschriftung": "Change Request Document Link Class", "uk_ueberschrift": "Change Request Document Link Class", "update_policy": 5, "zh_beschriftung": null, "zh_ueberschrift": null}},
      {"PRIMARY_KEYS": {"classname": "feature"}, "DATA": {"activity_create_label": "", "activity_createposting_channel": "", "activity_enable_sys_posting": 0, "activity_is_channel": 0, "activity_rule": "", "activity_sys_posting_on_create": 0, "base_cls": "change_request", "cdb_classname": "cdb_class", "cdb_dflt_action": "CDB_ShowObject", "cdb_icon_id": "", "cdb_module_id": "tickets.plm", "cdb_objektart": "cdb_class", "cdb_objicon_id": "", "cdb_status_txt": "valid", "cdb_wflow_cls": "", "clss_descr_tag": "", "cs_beschriftung": null, "cs_ueberschrift": null, "d_beschriftung": "Feature", "d_ueberschrift": "Feature", "f_beschriftung": null, "f_ueberschrift": null, "filename_tmpl": "", "fqpyname": "", "has_files": 0, "i_beschriftung": null, "i_ueberschrift": null, "is_abstract": 0, "is_indexed": 0, "ja_beschriftung": null, "ja_ueberschrift": null, "ko_beschriftung": null, "ko_ueberschrift": null, "log_erp": null, "module_assignment_policy": 0, "pl_beschriftung": null, "pl_ueberschrift": null, "pt_beschriftung": null, "pt_ueberschrift": null, "recent_obj_flag": 0, "relation": "feature_v", "rest_api_active": 0, "rest_method_active": 0, "rest_visible_name": "", "s_beschriftung": null, "s_ueberschrift": null, "sorting": null, "status": 10, "tabelle": "", "tr_beschriftung": null, "tr_ueberschrift": null, "type_selector_fqpyname": "", "uk_beschriftung": "Feature", "uk_ueberschrift": "Feature", "update_policy": 5, "zh_beschriftung": null, "zh_ueberschrift": null}},
      {"PRIMARY_KEYS": {"classname": "technical_debt"}, "DATA": {"activity_create_label": "", "activity_createposting_channel": "", "activity_enable_sys_posting": 0, "activity_is_channel": 0, "activity_rule": "", "activity_sys_posting_on_create": 0, "base_cls": "change_request", "cdb_classname": "cdb_class", "cdb_dflt_action": "CDB_ShowObject", "cdb_icon_id": "", "cdb_module_id": "tickets.plm", "cdb_objektart": "cdb_class", "cdb_objicon_id": "", "cdb_status_txt": "valid", "cdb_wflow_cls": "", "clss_descr_tag": "", "cs_beschriftung": null, "cs_ueberschrift": null, "d_beschriftung": "Technical Debt", "d_ueberschrift": "Technical Debt", "f_beschriftung": null, "f_ueberschrift": null, "filename_tmpl": "", "fqpyname": "", "has_files": 0, "i_beschriftung": null, "i_ueberschrift": null, "is_abstract": 0, "is_indexed": 0, "ja_beschriftung": null, "ja_ueberschrift": null, "ko_beschriftung": null, "ko_ueberschrift": null, "log_erp": null, "module_assignment_policy": 0, "pl_beschriftung": null, "pl_ueberschrift": null, "pt_beschriftung": null, "pt_ueberschrift": null, "recent_obj_flag": 0, "relation": "", "rest_api_active": 0, "rest_method_active": 0, "rest_visible_name": "", "s_beschriftung": null, "s_ueberschrift": null, "sorting": null, "status": 10, "tabelle": "", "tr_beschriftung": null, "tr_ueberschrift": null, "type_selector_fqpyname": "", "uk_beschriftung": "Technical Debt", "uk_ueberschrift": "Technical Debt", "update_policy": 5, "zh_beschriftung": null, "zh_ueberschrift": null}}
    ],
    "CONTENT_DOMAIN": "",
    "UPDATE_POLICY": "ALWAYS UPDATED"
  }
}