{
  "tab_zuordnung": {
    "CONTENT": [
      {"PRIMARY_KEYS": {"name": "ClassificationTable", "role_id": "public"}, "DATA": {"cdb_module_id": "tickets.plm", "dflt": null, "ersteller": "caddok", "max_records": 0, "zeilenhoehe": null}},
      {"PRIMARY_KEYS": {"name": "Severity", "role_id": "public"}, "DATA": {"cdb_module_id": "tickets.plm", "dflt": null, "ersteller": "caddok", "max_records": null, "zeilenhoehe": null}},
      {"PRIMARY_KEYS": {"name": "change_request", "role_id": "public"}, "DATA": {"cdb_module_id": "tickets.plm", "dflt": null, "ersteller": "caddok", "max_records": null, "zeilenhoehe": null}},
      {"PRIMARY_KEYS": {"name": "classification_types", "role_id": "public"}, "DATA": {"cdb_module_id": "tickets.plm", "dflt": null, "ersteller": "caddok", "max_records": null, "zeilenhoehe": null}},
      {"PRIMARY_KEYS": {"name": "cr_doc_rel", "role_id": "public"}, "DATA": {"cdb_module_id": "tickets.plm", "dflt": null, "ersteller": "caddok", "max_records": null, "zeilenhoehe": null}}
    ],
    "CONTENT_DOMAIN": "",
    "UPDATE_POLICY": "ALWAYS UPDATED"
  }
}