{
  "tabellen": {
    "CONTENT": [
      {"PRIMARY_KEYS": {"attribut": "classification_name", "data_source": "Object", "itemtype": "Value", "name": "ClassificationTable", "role_id": "public"}, "DATA": {"anzeigen": 1, "as_configured": 0, "beschriftung_cs": null, "beschriftung_d": "", "beschriftung_f": null, "beschriftung_i": null, "beschriftung_ja": null, "beschriftung_ko": null, "beschriftung_pl": null, "beschriftung_pt": null, "beschriftung_s": null, "beschriftung_tr": null, "beschriftung_uk": "", "beschriftung_zh": null, "cdb_icon_id": "", "cdb_module_id": "tickets.plm", "icon_alignment": "", "link_relship": "", "link_type": "", "ordnung_attrib": null, "tabellen_index": 10, "visible_len": null}},
      {"PRIMARY_KEYS": {"attribut": "description", "data_source": "Object", "itemtype": "Value", "name": "Severity", "role_id": "public"}, "DATA": {"anzeigen": 1, "as_configured": 0, "beschriftung_cs": null, "beschriftung_d": null, "beschriftung_f": null, "beschriftung_i": null, "beschriftung_ja": null, "beschriftung_ko": null, "beschriftung_pl": null, "beschriftung_pt": null, "beschriftung_s": null, "beschriftung_tr": null, "beschriftung_uk": null, "beschriftung_zh": null, "cdb_icon_id": null, "cdb_module_id": "tickets.plm", "icon_alignment": null, "link_relship": null, "link_type": null, "ordnung_attrib": null, "tabellen_index": 20, "visible_len": 40}},
      {"PRIMARY_KEYS": {"attribut": "ranking", "data_source": "Object", "itemtype": "Value", "name": "Severity", "role_id": "public"}, "DATA": {"anzeigen": 1, "as_configured": 0, "beschriftung_cs": null, "beschriftung_d": null, "beschriftung_f": null, "beschriftung_i": null, "beschriftung_ja": null, "beschriftung_ko": null, "beschriftung_pl": null, "beschriftung_pt": null, "beschriftung_s": null, "beschriftung_tr": null, "beschriftung_uk": null, "beschriftung_zh": null, "cdb_icon_id": null, "cdb_module_id": "tickets.plm", "icon_alignment": null, "link_relship": null, "link_type": null, "ordnung_attrib": null, "tabellen_index": 30, "visible_len": 20}},
      {"PRIMARY_KEYS": {"attribut": "severity_name", "data_source": "Object", "itemtype": "Value", "name": "Severity", "role_id": "public"}, "DATA": {"anzeigen": 1, "as_configured": 0, "beschriftung_cs": null, "beschriftung_d": null, "beschriftung_f": null, "beschriftung_i": null, "beschriftung_ja": null, "beschriftung_ko": null, "beschriftung_pl": null, "beschriftung_pt": null, "beschriftung_s": null, "beschriftung_tr": null, "beschriftung_uk": null, "beschriftung_zh": null, "cdb_icon_id": null, "cdb_module_id": "tickets.plm", "icon_alignment": null, "link_relship": null, "link_type": null, "ordnung_attrib": null, "tabellen_index": 10, "visible_len": 35}},
      {"PRIMARY_KEYS": {"attribut": "cdb_status_txt", "data_source": "Object", "itemtype": "Value", "name": "change_request", "role_id": "public"}, "DATA": {"anzeigen": 1, "as_configured": 0, "beschriftung_cs": null, "beschriftung_d": null, "beschriftung_f": null, "beschriftung_i": null, "beschriftung_ja": null, "beschriftung_ko": null, "beschriftung_pl": null, "beschriftung_pt": null, "beschriftung_s": null, "beschriftung_tr": null, "beschriftung_uk": null, "beschriftung_zh": null, "cdb_icon_id": null, "cdb_module_id": "tickets.plm", "icon_alignment": null, "link_relship": null, "link_type": null, "ordnung_attrib": null, "tabellen_index": 150, "visible_len": 40}},
      {"PRIMARY_KEYS": {"attribut": "change_number", "data_source": "Object", "itemtype": "Value", "name": "change_request", "role_id": "public"}, "DATA": {"anzeigen": 1, "as_configured": 0, "beschriftung_cs": null, "beschriftung_d": null, "beschriftung_f": null, "beschriftung_i": null, "beschriftung_ja": null, "beschriftung_ko": null, "beschriftung_pl": null, "beschriftung_pt": null, "beschriftung_s": null, "beschriftung_tr": null, "beschriftung_uk": null, "beschriftung_zh": null, "cdb_icon_id": null, "cdb_module_id": "tickets.plm", "icon_alignment": null, "link_relship": null, "link_type": null, "ordnung_attrib": null, "tabellen_index": 10, "visible_len": 8}},
      {"PRIMARY_KEYS": {"attribut": "classification", "data_source": "Object", "itemtype": "Value", "name": "change_request", "role_id": "public"}, "DATA": {"anzeigen": 1, "as_configured": 0, "beschriftung_cs": null, "beschriftung_d": null, "beschriftung_f": null, "beschriftung_i": null, "beschriftung_ja": null, "beschriftung_ko": null, "beschriftung_pl": null, "beschriftung_pt": null, "beschriftung_s": null, "beschriftung_tr": null, "beschriftung_uk": null, "beschriftung_zh": null, "cdb_icon_id": null, "cdb_module_id": "tickets.plm", "icon_alignment": null, "link_relship": null, "link_type": null, "ordnung_attrib": null, "tabellen_index": 20, "visible_len": 35}},
      {"PRIMARY_KEYS": {"attribut": "customer", "data_source": "Object", "itemtype": "Value", "name": "change_request", "role_id": "public"}, "DATA": {"anzeigen": 1, "as_configured": 0, "beschriftung_cs": null, "beschriftung_d": null, "beschriftung_f": null, "beschriftung_i": null, "beschriftung_ja": null, "beschriftung_ko": null, "beschriftung_pl": null, "beschriftung_pt": null, "beschriftung_s": null, "beschriftung_tr": null, "beschriftung_uk": null, "beschriftung_zh": null, "cdb_icon_id": null, "cdb_module_id": "tickets.plm", "icon_alignment": null, "link_relship": null, "link_type": null, "ordnung_attrib": null, "tabellen_index": 120, "visible_len": 40}},
      {"PRIMARY_KEYS": {"attribut": "fixed_by", "data_source": "Object", "itemtype": "Value", "name": "change_request", "role_id": "public"}, "DATA": {"anzeigen": 1, "as_configured": 0, "beschriftung_cs": null, "beschriftung_d": null, "beschriftung_f": null, "beschriftung_i": null, "beschriftung_ja": null, "beschriftung_ko": null, "beschriftung_pl": null, "beschriftung_pt": null, "beschriftung_s": null, "beschriftung_tr": null, "beschriftung_uk": null, "beschriftung_zh": null, "cdb_icon_id": null, "cdb_module_id": "tickets.plm", "icon_alignment": null, "link_relship": null, "link_type": null, "ordnung_attrib": null, "tabellen_index": 170, "visible_len": 20}},
      {"PRIMARY_KEYS": {"attribut": "fixed_on", "data_source": "Object", "itemtype": "Value", "name": "change_request", "role_id": "public"}, "DATA": {"anzeigen": 1, "as_configured": 0, "beschriftung_cs": null, "beschriftung_d": null, "beschriftung_f": null, "beschriftung_i": null, "beschriftung_ja": null, "beschriftung_ko": null, "beschriftung_pl": null, "beschriftung_pt": null, "beschriftung_s": null, "beschriftung_tr": null, "beschriftung_uk": null, "beschriftung_zh": null, "cdb_icon_id": null, "cdb_module_id": "tickets.plm", "icon_alignment": null, "link_relship": null, "link_type": null, "ordnung_attrib": null, "tabellen_index": 160, "visible_len": 12}},
      {"PRIMARY_KEYS": {"attribut": "id", "data_source": "Object", "itemtype": "Value", "name": "change_request", "role_id": "public"}, "DATA": {"anzeigen": 1, "as_configured": 0, "beschriftung_cs": null, "beschriftung_d": null, "beschriftung_f": null, "beschriftung_i": null, "beschriftung_ja": null, "beschriftung_ko": null, "beschriftung_pl": null, "beschriftung_pt": null, "beschriftung_s": null, "beschriftung_tr": null, "beschriftung_uk": null, "beschriftung_zh": null, "cdb_icon_id": null, "cdb_module_id": "tickets.plm", "icon_alignment": null, "link_relship": null, "link_type": null, "ordnung_attrib": null, "tabellen_index": 180, "visible_len": 7}},
      {"PRIMARY_KEYS": {"attribut": "mapped_customer_name", "data_source": "Object", "itemtype": "Value", "name": "change_request", "role_id": "public"}, "DATA": {"anzeigen": 1, "as_configured": 0, "beschriftung_cs": null, "beschriftung_d": null, "beschriftung_f": null, "beschriftung_i": null, "beschriftung_ja": null, "beschriftung_ko": null, "beschriftung_pl": null, "beschriftung_pt": null, "beschriftung_s": null, "beschriftung_tr": null, "beschriftung_uk": null, "beschriftung_zh": null, "cdb_icon_id": null, "cdb_module_id": "tickets.plm", "icon_alignment": null, "link_relship": null, "link_type": null, "ordnung_attrib": null, "tabellen_index": 130, "visible_len": 40}},
      {"PRIMARY_KEYS": {"attribut": "mapped_resp_name", "data_source": "Object", "itemtype": "Value", "name": "change_request", "role_id": "public"}, "DATA": {"anzeigen": 1, "as_configured": 0, "beschriftung_cs": null, "beschriftung_d": null, "beschriftung_f": null, "beschriftung_i": null, "beschriftung_ja": null, "beschriftung_ko": null, "beschriftung_pl": null, "beschriftung_pt": null, "beschriftung_s": null, "beschriftung_tr": null, "beschriftung_uk": null, "beschriftung_zh": null, "cdb_icon_id": null, "cdb_module_id": "tickets.plm", "icon_alignment": null, "link_relship": null, "link_type": null, "ordnung_attrib": null, "tabellen_index": 70, "visible_len": 15}},
      {"PRIMARY_KEYS": {"attribut": "product_id", "data_source": "Object", "itemtype": "Value", "name": "change_request", "role_id": "public"}, "DATA": {"anzeigen": 1, "as_configured": 0, "beschriftung_cs": null, "beschriftung_d": null, "beschriftung_f": null, "beschriftung_i": null, "beschriftung_ja": null, "beschriftung_ko": null, "beschriftung_pl": null, "beschriftung_pt": null, "beschriftung_s": null, "beschriftung_tr": null, "beschriftung_uk": null, "beschriftung_zh": null, "cdb_icon_id": null, "cdb_module_id": "tickets.plm", "icon_alignment": null, "link_relship": null, "link_type": null, "ordnung_attrib": null, "tabellen_index": 40, "visible_len": 40}},
      {"PRIMARY_KEYS": {"attribut": "product_name", "data_source": "Object", "itemtype": "Value", "name": "change_request", "role_id": "public"}, "DATA": {"anzeigen": 1, "as_configured": 0, "beschriftung_cs": null, "beschriftung_d": null, "beschriftung_f": null, "beschriftung_i": null, "beschriftung_ja": null, "beschriftung_ko": null, "beschriftung_pl": null, "beschriftung_pt": null, "beschriftung_s": null, "beschriftung_tr": null, "beschriftung_uk": null, "beschriftung_zh": null, "cdb_icon_id": "cdb_resultlist_multilang_globus", "cdb_module_id": "tickets.plm", "icon_alignment": "left", "link_relship": null, "link_type": null, "ordnung_attrib": null, "tabellen_index": 50, "visible_len": 15}},
      {"PRIMARY_KEYS": {"attribut": "product_name_en", "data_source": "Object", "itemtype": "Value", "name": "change_request", "role_id": "public"}, "DATA": {"anzeigen": 0, "as_configured": 0, "beschriftung_cs": null, "beschriftung_d": null, "beschriftung_f": null, "beschriftung_i": null, "beschriftung_ja": null, "beschriftung_ko": null, "beschriftung_pl": null, "beschriftung_pt": null, "beschriftung_s": null, "beschriftung_tr": null, "beschriftung_uk": null, "beschriftung_zh": null, "cdb_icon_id": null, "cdb_module_id": "tickets.plm", "icon_alignment": null, "link_relship": null, "link_type": null, "ordnung_attrib": null, "tabellen_index": 190, "visible_len": 15}},
      {"PRIMARY_KEYS": {"attribut": "ranking", "data_source": "Object", "itemtype": "Value", "name": "change_request", "role_id": "public"}, "DATA": {"anzeigen": 0, "as_configured": 0, "beschriftung_cs": null, "beschriftung_d": "", "beschriftung_f": null, "beschriftung_i": null, "beschriftung_ja": null, "beschriftung_ko": null, "beschriftung_pl": null, "beschriftung_pt": null, "beschriftung_s": null, "beschriftung_tr": null, "beschriftung_uk": "", "beschriftung_zh": null, "cdb_icon_id": "", "cdb_module_id": "tickets.plm", "icon_alignment": "", "link_relship": "", "link_type": "", "ordnung_attrib": null, "tabellen_index": 90, "visible_len": 15}},
      {"PRIMARY_KEYS": {"attribut": "reported_by", "data_source": "Object", "itemtype": "Value", "name": "change_request", "role_id": "public"}, "DATA": {"anzeigen": 1, "as_configured": 0, "beschriftung_cs": null, "beschriftung_d": null, "beschriftung_f": null, "beschriftung_i": null, "beschriftung_ja": null, "beschriftung_ko": null, "beschriftung_pl": null, "beschriftung_pt": null, "beschriftung_s": null, "beschriftung_tr": null, "beschriftung_uk": null, "beschriftung_zh": null, "cdb_icon_id": null, "cdb_module_id": "tickets.plm", "icon_alignment": null, "link_relship": null, "link_type": null, "ordnung_attrib": null, "tabellen_index": 100, "visible_len": 40}},
      {"PRIMARY_KEYS": {"attribut": "reported_on", "data_source": "Object", "itemtype": "Value", "name": "change_request", "role_id": "public"}, "DATA": {"anzeigen": 1, "as_configured": 0, "beschriftung_cs": null, "beschriftung_d": null, "beschriftung_f": null, "beschriftung_i": null, "beschriftung_ja": null, "beschriftung_ko": null, "beschriftung_pl": null, "beschriftung_pt": null, "beschriftung_s": null, "beschriftung_tr": null, "beschriftung_uk": null, "beschriftung_zh": null, "cdb_icon_id": null, "cdb_module_id": "tickets.plm", "icon_alignment": null, "link_relship": null, "link_type": null, "ordnung_attrib": null, "tabellen_index": 110, "visible_len": 12}},
      {"PRIMARY_KEYS": {"attribut": "responsible", "data_source": "Object", "itemtype": "Value", "name": "change_request", "role_id": "public"}, "DATA": {"anzeigen": 1, "as_configured": 0, "beschriftung_cs": null, "beschriftung_d": null, "beschriftung_f": null, "beschriftung_i": null, "beschriftung_ja": null, "beschriftung_ko": null, "beschriftung_pl": null, "beschriftung_pt": null, "beschriftung_s": null, "beschriftung_tr": null, "beschriftung_uk": null, "beschriftung_zh": null, "cdb_icon_id": null, "cdb_module_id": "tickets.plm", "icon_alignment": null, "link_relship": null, "link_type": null, "ordnung_attrib": null, "tabellen_index": 60, "visible_len": 20}},
      {"PRIMARY_KEYS": {"attribut": "severity", "data_source": "Object", "itemtype": "Value", "name": "change_request", "role_id": "public"}, "DATA": {"anzeigen": 1, "as_configured": 0, "beschriftung_cs": null, "beschriftung_d": "", "beschriftung_f": null, "beschriftung_i": null, "beschriftung_ja": null, "beschriftung_ko": null, "beschriftung_pl": null, "beschriftung_pt": null, "beschriftung_s": null, "beschriftung_tr": null, "beschriftung_uk": "", "beschriftung_zh": null, "cdb_icon_id": "", "cdb_module_id": "tickets.plm", "icon_alignment": "", "link_relship": "", "link_type": "", "ordnung_attrib": null, "tabellen_index": 200, "visible_len": 15}},
      {"PRIMARY_KEYS": {"attribut": "severity_name", "data_source": "Object", "itemtype": "Value", "name": "change_request", "role_id": "public"}, "DATA": {"anzeigen": 0, "as_configured": 0, "beschriftung_cs": null, "beschriftung_d": "", "beschriftung_f": null, "beschriftung_i": null, "beschriftung_ja": null, "beschriftung_ko": null, "beschriftung_pl": null, "beschriftung_pt": null, "beschriftung_s": null, "beschriftung_tr": null, "beschriftung_uk": "", "beschriftung_zh": null, "cdb_icon_id": "", "cdb_module_id": "tickets.plm", "icon_alignment": "", "link_relship": "", "link_type": "", "ordnung_attrib": null, "tabellen_index": 80, "visible_len": 15}},
      {"PRIMARY_KEYS": {"attribut": "severity_ranking", "data_source": "Object", "itemtype": "Value", "name": "change_request", "role_id": "public"}, "DATA": {"anzeigen": 1, "as_configured": 0, "beschriftung_cs": null, "beschriftung_d": "", "beschriftung_f": null, "beschriftung_i": null, "beschriftung_ja": null, "beschriftung_ko": null, "beschriftung_pl": null, "beschriftung_pt": null, "beschriftung_s": null, "beschriftung_tr": null, "beschriftung_uk": "", "beschriftung_zh": null, "cdb_icon_id": "", "cdb_module_id": "tickets.plm", "icon_alignment": "", "link_relship": "", "link_type": "", "ordnung_attrib": null, "tabellen_index": 210, "visible_len": 15}},
      {"PRIMARY_KEYS": {"attribut": "status", "data_source": "Object", "itemtype": "Value", "name": "change_request", "role_id": "public"}, "DATA": {"anzeigen": 1, "as_configured": 0, "beschriftung_cs": null, "beschriftung_d": null, "beschriftung_f": null, "beschriftung_i": null, "beschriftung_ja": null, "beschriftung_ko": null, "beschriftung_pl": null, "beschriftung_pt": null, "beschriftung_s": null, "beschriftung_tr": null, "beschriftung_uk": null, "beschriftung_zh": null, "cdb_icon_id": null, "cdb_module_id": "tickets.plm", "icon_alignment": null, "link_relship": null, "link_type": null, "ordnung_attrib": null, "tabellen_index": 140, "visible_len": 8}},
      {"PRIMARY_KEYS": {"attribut": "title", "data_source": "Object", "itemtype": "Value", "name": "change_request", "role_id": "public"}, "DATA": {"anzeigen": 1, "as_configured": 0, "beschriftung_cs": null, "beschriftung_d": null, "beschriftung_f": null, "beschriftung_i": null, "beschriftung_ja": null, "beschriftung_ko": null, "beschriftung_pl": null, "beschriftung_pt": null, "beschriftung_s": null, "beschriftung_tr": null, "beschriftung_uk": null, "beschriftung_zh": null, "cdb_icon_id": null, "cdb_module_id": "tickets.plm", "icon_alignment": null, "link_relship": null, "link_type": null, "ordnung_attrib": null, "tabellen_index": 30, "visible_len": 40}},
      {"PRIMARY_KEYS": {"attribut": "classification_name", "data_source": "Object", "itemtype": "Value", "name": "classification_types", "role_id": "public"}, "DATA": {"anzeigen": 1, "as_configured": 0, "beschriftung_cs": null, "beschriftung_d": null, "beschriftung_f": null, "beschriftung_i": null, "beschriftung_ja": null, "beschriftung_ko": null, "beschriftung_pl": null, "beschriftung_pt": null, "beschriftung_s": null, "beschriftung_tr": null, "beschriftung_uk": null, "beschriftung_zh": null, "cdb_icon_id": null, "cdb_module_id": "tickets.plm", "icon_alignment": null, "link_relship": null, "link_type": null, "ordnung_attrib": null, "tabellen_index": 10, "visible_len": 20}}
    ],
    "CONTENT_DOMAIN": "",
    "UPDATE_POLICY": "ALWAYS UPDATED"
  }
}