{
  "benefit_txt": {
    "COLUMNS": [
      {
        "DEFAULT": "", 
        "LENGTH": 40, 
        "NAME": "cdb_object_id", 
        "NOTNULL": 1, 
        "TYPE": 0
      }, 
      {
        "DEFAULT": null, 
        "NAME": "zeile", 
        "NOTNULL": 1, 
        "TYPE": 1
      }, 
      {
        "DEFAULT": null, 
        "LENGTH": 4000, 
        "NAME": "text", 
        "NOTNULL": 0, 
        "TYPE": 0
      }
    ], 
    "PRIMARY KEY": [
      "cdb_object_id", 
      "zeile"
    ]
  }, 
  "change_request": {
    "COLUMNS": [
      {
        "DEFAULT": "", 
        "LENGTH": 40, 
        "NAME": "cdb_object_id", 
        "NOTNULL": true, 
        "TYPE": 0
      }, 
      {
        "DEFAULT": "", 
        "LENGTH": 8, 
        "NAME": "change_num", 
        "NOTNULL": false, 
        "TYPE": 0
      }, 
      {
        "DEFAULT": "", 
        "LENGTH": 8, 
        "NAME": "change_number", 
        "NOTNULL": false, 
        "TYPE": 0
      }, 
      {
        "DEFAULT": "", 
        "LENGTH": 35, 
        "NAME": "classification", 
        "NOTNULL": false, 
        "TYPE": 0
      }, 
      {
        "DEFAULT": "", 
        "LENGTH": 20, 
        "NAME": "feature_project_id", 
        "NOTNULL": false, 
        "TYPE": 0
      }, 
      {
        "DEFAULT": "", 
        "LENGTH": 80, 
        "NAME": "title", 
        "NOTNULL": false, 
        "TYPE": 0
      }, 
      {
        "DEFAULT": "", 
        "LENGTH": 40, 
        "NAME": "product_id", 
        "NOTNULL": false, 
        "TYPE": 0
      }, 
      {
        "DEFAULT": "", 
        "LENGTH": 20, 
        "NAME": "responsible", 
        "NOTNULL": false, 
        "TYPE": 0
      }, 
      {
        "DEFAULT": "", 
        "LENGTH": 90, 
        "NAME": "reported_by", 
        "NOTNULL": false, 
        "TYPE": 0
      }, 
      {
        "DEFAULT": "'$date'", 
        "NAME": "reported_on", 
        "NOTNULL": false, 
        "TYPE": 3
      }, 
      {
        "DEFAULT": "", 
        "LENGTH": 20, 
        "NAME": "customer", 
        "NOTNULL": false, 
        "TYPE": 0
      }, 
      {
        "DEFAULT": "", 
        "LENGTH": 128, 
        "NAME": "mapped_customer_name", 
        "NOTNULL": false, 
        "TYPE": 0
      }, 
      {
        "DEFAULT": "", 
        "NAME": "status", 
        "NOTNULL": false, 
        "TYPE": 1
      }, 
      {
        "DEFAULT": "", 
        "LENGTH": 64, 
        "NAME": "cdb_status_txt", 
        "NOTNULL": false, 
        "TYPE": 0
      }, 
      {
        "DEFAULT": "", 
        "NAME": "fixed_on", 
        "NOTNULL": false, 
        "TYPE": 3
      }, 
      {
        "DEFAULT": "", 
        "LENGTH": 20, 
        "NAME": "fixed_by", 
        "NOTNULL": false, 
        "TYPE": 0
      }, 
      {
        "DEFAULT": "", 
        "LENGTH": 32, 
        "NAME": "cdb_classname", 
        "NOTNULL": false, 
        "TYPE": 0
      }, 
      {
        "DEFAULT": "", 
        "LENGTH": 7, 
        "NAME": "id", 
        "NOTNULL": 1, 
        "TYPE": 0
      }, 
      {
        "DEFAULT": "", 
        "LENGTH": 64, 
        "NAME": "cdb_objektart", 
        "NOTNULL": false, 
        "TYPE": 0
      }, 
      {
        "DEFAULT": "", 
        "LENGTH": 35, 
        "NAME": "severity", 
        "NOTNULL": false, 
        "TYPE": 0
      }, 
      {
        "DEFAULT": "", 
        "LENGTH": 20, 
        "NAME": "severity_ranking", 
        "NOTNULL": false, 
        "TYPE": 0
      }
    ], 
    "PRIMARY KEY": [
      "cdb_object_id"
    ]
  }, 
  "classification_types": {
    "COLUMNS": [
      {
        "DEFAULT": "", 
        "LENGTH": 40, 
        "NAME": "cdb_object_id", 
        "NOTNULL": true, 
        "TYPE": 0
      }, 
      {
        "DEFAULT": "", 
        "LENGTH": 20, 
        "NAME": "classification_name", 
        "NOTNULL": false, 
        "TYPE": 0
      }
    ], 
    "PRIMARY KEY": [
      "cdb_object_id"
    ]
  }, 
  "cr_doc_rel": {
    "COLUMNS": [
      {
        "DEFAULT": "", 
        "LENGTH": 40, 
        "NAME": "cdb_object_id", 
        "NOTNULL": true, 
        "TYPE": 0
      }, 
      {
        "DEFAULT": "", 
        "LENGTH": 20, 
        "NAME": "z_nummer", 
        "NOTNULL": true, 
        "TYPE": 0
      }, 
      {
        "DEFAULT": "", 
        "LENGTH": 20, 
        "NAME": "z_index", 
        "NOTNULL": true, 
        "TYPE": 0
      }
    ], 
    "INDEXES": [
      {
        "COLUMNS": [
          "cdb_object_id"
        ], 
        "NAME": "cr_doc_rel_cdb_object_id", 
        "UNIQUE": true
      }
    ], 
    "PRIMARY KEY": [
      "cdb_object_id", 
      "z_nummer", 
      "z_index"
    ]
  }, 
  "description4_txt": {
    "COLUMNS": [
      {
        "DEFAULT": "", 
        "LENGTH": 40, 
        "NAME": "cdb_object_id", 
        "NOTNULL": 1, 
        "TYPE": 0
      }, 
      {
        "DEFAULT": null, 
        "NAME": "zeile", 
        "NOTNULL": 1, 
        "TYPE": 1
      }, 
      {
        "DEFAULT": null, 
        "LENGTH": 4000, 
        "NAME": "text", 
        "NOTNULL": 0, 
        "TYPE": 0
      }
    ], 
    "PRIMARY KEY": [
      "cdb_object_id", 
      "zeile"
    ]
  }, 
  "documentation_remark_txt": {
    "COLUMNS": [
      {
        "DEFAULT": "", 
        "LENGTH": 40, 
        "NAME": "cdb_object_id", 
        "NOTNULL": 1, 
        "TYPE": 0
      }, 
      {
        "DEFAULT": null, 
        "NAME": "zeile", 
        "NOTNULL": 1, 
        "TYPE": 1
      }, 
      {
        "DEFAULT": null, 
        "LENGTH": 4000, 
        "NAME": "text", 
        "NOTNULL": 0, 
        "TYPE": 0
      }
    ], 
    "PRIMARY KEY": [
      "cdb_object_id", 
      "zeile"
    ]
  }, 
  "severity": {
    "COLUMNS": [
      {
        "DEFAULT": "", 
        "LENGTH": 40, 
        "NAME": "cdb_object_id", 
        "NOTNULL": true, 
        "TYPE": 0
      }, 
      {
        "DEFAULT": "", 
        "LENGTH": 35, 
        "NAME": "severity_name", 
        "NOTNULL": false, 
        "TYPE": 0
      }, 
      {
        "DEFAULT": "", 
        "LENGTH": 50, 
        "NAME": "description", 
        "NOTNULL": false, 
        "TYPE": 0
      }, 
      {
        "DEFAULT": "", 
        "LENGTH": 20, 
        "NAME": "ranking", 
        "NOTNULL": false, 
        "TYPE": 0
      }
    ], 
    "PRIMARY KEY": [
      "cdb_object_id"
    ]
  }, 
  "solution4_txt": {
    "COLUMNS": [
      {
        "DEFAULT": "", 
        "LENGTH": 40, 
        "NAME": "cdb_object_id", 
        "NOTNULL": 1, 
        "TYPE": 0
      }, 
      {
        "DEFAULT": null, 
        "NAME": "zeile", 
        "NOTNULL": 1, 
        "TYPE": 1
      }, 
      {
        "DEFAULT": null, 
        "LENGTH": 4000, 
        "NAME": "text", 
        "NOTNULL": 0, 
        "TYPE": 0
      }
    ], 
    "PRIMARY KEY": [
      "cdb_object_id", 
      "zeile"
    ]
  }
}